lat: 31.520999, lng: 74.412631, accuracy:5.000000
lat: 31.521049, lng: 74.412632, accuracy:5.000000
lat: 31.521063, lng: 74.412681, accuracy:5.000000
lat: 31.521114, lng: 74.412629, accuracy:5.000000
lat: 31.521154, lng: 74.412673, accuracy:5.000000
lat: 31.521186, lng: 74.412582, accuracy:5.000000
lat: 31.521251, lng: 74.412582, accuracy:5.000000
lat: 31.521223, lng: 74.412623, accuracy:5.000000
lat: 31.521269, lng: 74.412633, accuracy:5.000000
lat: 31.521282, lng: 74.412630, accuracy:5.000000
lat: 31.521285, lng: 74.412622, accuracy:5.000000
lat: 31.521266, lng: 74.412562, accuracy:5.000000
lat: 31.521289, lng: 74.412603, accuracy:10.000000
lat: 31.521296, lng: 74.412615, accuracy:10.000000
lat: 31.521324, lng: 74.412623, accuracy:10.000000
lat: 31.521331, lng: 74.412634, accuracy:10.000000
lat: 31.521331, lng: 74.412634, accuracy:10.000000
lat: 31.521331, lng: 74.412634, accuracy:10.000000
lat: 31.521331, lng: 74.412634, accuracy:10.000000
lat: 31.521331, lng: 74.412634, accuracy:10.000000
lat: 31.521331, lng: 74.412634, accuracy:10.000000
lat: 31.521331, lng: 74.412634, accuracy:10.000000
lat: 31.521331, lng: 74.412634, accuracy:10.000000
lat: 31.521331, lng: 74.412634, accuracy:10.000000
lat: 31.521331, lng: 74.412634, accuracy:10.000000
lat: 31.521331, lng: 74.412634, accuracy:10.000000
lat: 31.521353, lng: 74.412645, accuracy:10.000000
lat: 31.521377, lng: 74.412648, accuracy:10.000000
lat: 31.521398, lng: 74.412650, accuracy:10.000000
lat: 31.521411, lng: 74.412652, accuracy:10.000000
lat: 31.521422, lng: 74.412653, accuracy:10.000000
lat: 31.521437, lng: 74.412655, accuracy:10.000000
lat: 31.521465, lng: 74.412656, accuracy:10.000000
lat: 31.521508, lng: 74.412658, accuracy:10.000000
lat: 31.521560, lng: 74.412658, accuracy:10.000000
lat: 31.521615, lng: 74.412658, accuracy:10.000000
lat: 31.521615, lng: 74.412658, accuracy:10.000000
lat: 31.521673, lng: 74.412658, accuracy:10.000000
lat: 31.521736, lng: 74.412660, accuracy:10.000000
lat: 31.521796, lng: 74.412669, accuracy:10.000000
lat: 31.521856, lng: 74.412669, accuracy:10.000000
lat: 31.521923, lng: 74.412676, accuracy:10.000000
lat: 31.521994, lng: 74.412682, accuracy:10.000000
lat: 31.522060, lng: 74.412694, accuracy:10.000000
lat: 31.522122, lng: 74.412715, accuracy:5.000000
lat: 31.522177, lng: 74.412737, accuracy:5.000000
lat: 31.522218, lng: 74.412756, accuracy:5.000000
lat: 31.522241, lng: 74.412763, accuracy:5.000000
lat: 31.522246, lng: 74.412771, accuracy:5.000000
lat: 31.522246, lng: 74.412771, accuracy:5.000000
lat: 31.522246, lng: 74.412771, accuracy:5.000000
lat: 31.522246, lng: 74.412771, accuracy:5.000000
lat: 31.522246, lng: 74.412771, accuracy:5.000000
lat: 31.522245, lng: 74.412772, accuracy:5.000000
lat: 31.522251, lng: 74.412773, accuracy:5.000000
lat: 31.522257, lng: 74.412776, accuracy:5.000000
lat: 31.522264, lng: 74.412779, accuracy:5.000000
lat: 31.522268, lng: 74.412780, accuracy:5.000000
lat: 31.522286, lng: 74.412785, accuracy:5.000000
lat: 31.522286, lng: 74.412785, accuracy:5.000000
lat: 31.522286, lng: 74.412785, accuracy:5.000000
lat: 31.522284, lng: 74.412783, accuracy:661.402288
lat: 31.522283, lng: 74.412781, accuracy:661.402323
lat: 31.522282, lng: 74.412779, accuracy:662.737321
lat: 31.522089, lng: 74.416357, accuracy:50.000000
lat: 31.522033, lng: 74.416361, accuracy:50.000000
lat: 31.520852, lng: 74.416357, accuracy:30.000000
lat: 31.520760, lng: 74.416369, accuracy:10.000000
lat: 31.520622, lng: 74.416388, accuracy:10.000000
lat: 31.520530, lng: 74.416383, accuracy:5.000000
lat: 31.520423, lng: 74.416385, accuracy:5.000000
lat: 31.520319, lng: 74.416390, accuracy:5.000000
lat: 31.520213, lng: 74.416393, accuracy:5.000000
lat: 31.520116, lng: 74.416392, accuracy:5.000000
lat: 31.520015, lng: 74.416385, accuracy:5.000000
lat: 31.519912, lng: 74.416382, accuracy:5.000000
lat: 31.519816, lng: 74.416372, accuracy:5.000000
lat: 31.519719, lng: 74.416357, accuracy:5.000000
lat: 31.519431, lng: 74.416280, accuracy:5.000000
lat: 31.519339, lng: 74.416242, accuracy:5.000000
lat: 31.519252, lng: 74.416192, accuracy:5.000000
lat: 31.519163, lng: 74.416142, accuracy:5.000000
lat: 31.519078, lng: 74.416085, accuracy:5.000000
lat: 31.518995, lng: 74.416023, accuracy:5.000000
lat: 31.518928, lng: 74.415945, accuracy:5.000000
lat: 31.518861, lng: 74.415874, accuracy:5.000000
lat: 31.518803, lng: 74.415802, accuracy:5.000000
lat: 31.518740, lng: 74.415720, accuracy:5.000000
lat: 31.518676, lng: 74.415634, accuracy:5.000000
lat: 31.518622, lng: 74.415543, accuracy:5.000000
lat: 31.518583, lng: 74.415458, accuracy:5.000000
lat: 31.518540, lng: 74.415364, accuracy:5.000000
lat: 31.518501, lng: 74.415265, accuracy:5.000000
lat: 31.518486, lng: 74.415162, accuracy:5.000000
lat: 31.518466, lng: 74.415061, accuracy:5.000000
lat: 31.518443, lng: 74.414944, accuracy:5.000000
lat: 31.518410, lng: 74.414830, accuracy:5.000000
lat: 31.518385, lng: 74.414748, accuracy:5.000000
lat: 31.518379, lng: 74.414612, accuracy:10.000000
lat: 31.518367, lng: 74.414509, accuracy:10.000000
lat: 31.518380, lng: 74.414358, accuracy:10.000000
lat: 31.518393, lng: 74.414292, accuracy:5.000000
lat: 31.518356, lng: 74.414165, accuracy:5.000000
lat: 31.518348, lng: 74.414089, accuracy:5.000000
lat: 31.518354, lng: 74.414015, accuracy:5.000000
lat: 31.518307, lng: 74.413935, accuracy:10.000000
lat: 31.518254, lng: 74.413891, accuracy:5.000000
lat: 31.518186, lng: 74.413824, accuracy:5.000000
lat: 31.518107, lng: 74.413772, accuracy:5.000000
lat: 31.518027, lng: 74.413741, accuracy:5.000000
lat: 31.517945, lng: 74.413708, accuracy:5.000000
lat: 31.517863, lng: 74.413701, accuracy:5.000000
lat: 31.517772, lng: 74.413680, accuracy:5.000000
lat: 31.517675, lng: 74.413687, accuracy:5.000000
lat: 31.517584, lng: 74.413693, accuracy:5.000000
lat: 31.517492, lng: 74.413704, accuracy:5.000000
lat: 31.517409, lng: 74.413725, accuracy:5.000000
lat: 31.517330, lng: 74.413760, accuracy:5.000000
lat: 31.517255, lng: 74.413809, accuracy:5.000000
lat: 31.517174, lng: 74.413864, accuracy:5.000000
lat: 31.517092, lng: 74.413919, accuracy:5.000000
lat: 31.517016, lng: 74.413983, accuracy:5.000000
lat: 31.516950, lng: 74.414060, accuracy:5.000000
lat: 31.516895, lng: 74.414136, accuracy:5.000000
lat: 31.516848, lng: 74.414232, accuracy:5.000000
lat: 31.516808, lng: 74.414326, accuracy:5.000000
lat: 31.516764, lng: 74.414435, accuracy:5.000000
lat: 31.516733, lng: 74.414538, accuracy:5.000000
lat: 31.516723, lng: 74.414665, accuracy:5.000000
lat: 31.516722, lng: 74.414786, accuracy:5.000000
lat: 31.516709, lng: 74.414916, accuracy:5.000000
lat: 31.516703, lng: 74.415040, accuracy:5.000000
lat: 31.516698, lng: 74.415167, accuracy:5.000000
lat: 31.516694, lng: 74.415303, accuracy:5.000000
lat: 31.516689, lng: 74.415432, accuracy:5.000000
lat: 31.516687, lng: 74.415574, accuracy:5.000000
lat: 31.516685, lng: 74.415719, accuracy:5.000000
lat: 31.516683, lng: 74.415864, accuracy:5.000000
lat: 31.516681, lng: 74.416008, accuracy:5.000000
lat: 31.516684, lng: 74.416145, accuracy:5.000000
lat: 31.516679, lng: 74.416286, accuracy:5.000000
lat: 31.516670, lng: 74.416445, accuracy:5.000000
lat: 31.516663, lng: 74.416605, accuracy:5.000000
lat: 31.516664, lng: 74.416775, accuracy:5.000000
lat: 31.516660, lng: 74.416931, accuracy:5.000000
lat: 31.516654, lng: 74.417091, accuracy:5.000000
lat: 31.516663, lng: 74.417248, accuracy:5.000000
lat: 31.516662, lng: 74.417405, accuracy:5.000000
lat: 31.516664, lng: 74.417560, accuracy:5.000000
lat: 31.516663, lng: 74.417722, accuracy:5.000000
lat: 31.516661, lng: 74.417880, accuracy:5.000000
lat: 31.516657, lng: 74.418016, accuracy:5.000000
lat: 31.516643, lng: 74.418172, accuracy:5.000000
lat: 31.516631, lng: 74.418305, accuracy:5.000000
lat: 31.516638, lng: 74.418473, accuracy:10.000000
lat: 31.516635, lng: 74.418629, accuracy:10.000000
lat: 31.516623, lng: 74.418763, accuracy:10.000000
lat: 31.516605, lng: 74.418903, accuracy:10.000000
lat: 31.516604, lng: 74.419043, accuracy:10.000000
lat: 31.516603, lng: 74.419205, accuracy:5.000000
lat: 31.516606, lng: 74.419350, accuracy:5.000000
lat: 31.516617, lng: 74.419499, accuracy:5.000000
lat: 31.516625, lng: 74.419642, accuracy:5.000000
lat: 31.516628, lng: 74.419775, accuracy:5.000000
lat: 31.516619, lng: 74.419935, accuracy:5.000000
lat: 31.516621, lng: 74.420072, accuracy:5.000000
lat: 31.516626, lng: 74.420211, accuracy:5.000000
lat: 31.516627, lng: 74.420358, accuracy:5.000000
lat: 31.516624, lng: 74.420497, accuracy:5.000000
lat: 31.516625, lng: 74.420644, accuracy:5.000000
lat: 31.516622, lng: 74.420787, accuracy:5.000000
lat: 31.516617, lng: 74.420924, accuracy:5.000000
lat: 31.516615, lng: 74.421068, accuracy:5.000000
lat: 31.516615, lng: 74.421207, accuracy:5.000000
lat: 31.516613, lng: 74.421333, accuracy:5.000000
lat: 31.516614, lng: 74.421461, accuracy:10.000000
lat: 31.516621, lng: 74.421600, accuracy:10.000000
lat: 31.516602, lng: 74.421740, accuracy:10.000000
lat: 31.516598, lng: 74.421841, accuracy:10.000000
lat: 31.516575, lng: 74.421952, accuracy:10.000000
lat: 31.516578, lng: 74.422056, accuracy:10.000000
lat: 31.516600, lng: 74.422187, accuracy:10.000000
lat: 31.516636, lng: 74.422328, accuracy:10.000000
lat: 31.516595, lng: 74.422456, accuracy:10.000000
lat: 31.516538, lng: 74.422573, accuracy:5.000000
lat: 31.516473, lng: 74.422678, accuracy:5.000000
lat: 31.516418, lng: 74.422790, accuracy:5.000000
lat: 31.516357, lng: 74.422890, accuracy:5.000000
lat: 31.516316, lng: 74.422998, accuracy:5.000000
lat: 31.516269, lng: 74.423089, accuracy:5.000000
lat: 31.516223, lng: 74.423189, accuracy:10.000000
lat: 31.516170, lng: 74.423273, accuracy:10.000000
lat: 31.516123, lng: 74.423362, accuracy:10.000000
lat: 31.516067, lng: 74.423450, accuracy:10.000000
lat: 31.516069, lng: 74.423453, accuracy:10.000000
lat: 31.516052, lng: 74.423473, accuracy:10.000000
lat: 31.516043, lng: 74.423502, accuracy:10.000000
lat: 31.516026, lng: 74.423520, accuracy:10.000000
lat: 31.516015, lng: 74.423553, accuracy:10.000000
lat: 31.515997, lng: 74.423591, accuracy:10.000000
lat: 31.515974, lng: 74.423626, accuracy:5.000000
lat: 31.515955, lng: 74.423654, accuracy:5.000000
lat: 31.515927, lng: 74.423677, accuracy:5.000000
lat: 31.515870, lng: 74.423703, accuracy:5.000000
lat: 31.515804, lng: 74.423729, accuracy:5.000000
lat: 31.515734, lng: 74.423753, accuracy:5.000000
lat: 31.515665, lng: 74.423765, accuracy:5.000000
lat: 31.515586, lng: 74.423775, accuracy:5.000000
lat: 31.515505, lng: 74.423781, accuracy:5.000000
lat: 31.515418, lng: 74.423786, accuracy:5.000000
lat: 31.515326, lng: 74.423791, accuracy:5.000000
lat: 31.515230, lng: 74.423791, accuracy:5.000000
lat: 31.515127, lng: 74.423793, accuracy:5.000000
lat: 31.515013, lng: 74.423798, accuracy:5.000000
lat: 31.514898, lng: 74.423804, accuracy:5.000000
lat: 31.514784, lng: 74.423807, accuracy:5.000000
lat: 31.514668, lng: 74.423812, accuracy:5.000000
lat: 31.514555, lng: 74.423806, accuracy:5.000000
lat: 31.514445, lng: 74.423797, accuracy:5.000000
lat: 31.514331, lng: 74.423803, accuracy:5.000000
lat: 31.514211, lng: 74.423791, accuracy:5.000000
lat: 31.514094, lng: 74.423773, accuracy:5.000000
lat: 31.513971, lng: 74.423772, accuracy:5.000000
lat: 31.513852, lng: 74.423769, accuracy:5.000000
lat: 31.513732, lng: 74.423776, accuracy:5.000000
lat: 31.513605, lng: 74.423784, accuracy:5.000000
lat: 31.513483, lng: 74.423788, accuracy:5.000000
lat: 31.513364, lng: 74.423787, accuracy:5.000000
lat: 31.513244, lng: 74.423792, accuracy:5.000000
lat: 31.513120, lng: 74.423789, accuracy:5.000000
lat: 31.512998, lng: 74.423789, accuracy:5.000000
lat: 31.512882, lng: 74.423794, accuracy:5.000000
lat: 31.512757, lng: 74.423807, accuracy:5.000000
lat: 31.512632, lng: 74.423809, accuracy:5.000000
lat: 31.512508, lng: 74.423816, accuracy:5.000000
lat: 31.512376, lng: 74.423812, accuracy:5.000000
lat: 31.512255, lng: 74.423812, accuracy:5.000000
lat: 31.512135, lng: 74.423815, accuracy:5.000000
lat: 31.512020, lng: 74.423810, accuracy:5.000000
lat: 31.511894, lng: 74.423809, accuracy:5.000000
lat: 31.511772, lng: 74.423810, accuracy:5.000000
lat: 31.511649, lng: 74.423809, accuracy:5.000000
lat: 31.511537, lng: 74.423807, accuracy:5.000000
lat: 31.511423, lng: 74.423803, accuracy:5.000000
lat: 31.511313, lng: 74.423799, accuracy:5.000000
lat: 31.511199, lng: 74.423801, accuracy:5.000000
lat: 31.511084, lng: 74.423801, accuracy:5.000000
lat: 31.510969, lng: 74.423801, accuracy:5.000000
lat: 31.510849, lng: 74.423796, accuracy:5.000000
lat: 31.510740, lng: 74.423796, accuracy:5.000000
lat: 31.510629, lng: 74.423802, accuracy:5.000000
lat: 31.510517, lng: 74.423804, accuracy:5.000000
lat: 31.510402, lng: 74.423806, accuracy:5.000000
lat: 31.510287, lng: 74.423807, accuracy:5.000000
lat: 31.510188, lng: 74.423778, accuracy:5.000000
lat: 31.510077, lng: 74.423773, accuracy:5.000000
lat: 31.509964, lng: 74.423777, accuracy:5.000000
lat: 31.509856, lng: 74.423766, accuracy:5.000000
lat: 31.509752, lng: 74.423757, accuracy:5.000000
lat: 31.509646, lng: 74.423762, accuracy:5.000000
lat: 31.509535, lng: 74.423762, accuracy:5.000000
lat: 31.509417, lng: 74.423727, accuracy:5.000000
lat: 31.509305, lng: 74.423726, accuracy:5.000000
lat: 31.509196, lng: 74.423730, accuracy:5.000000
lat: 31.509080, lng: 74.423723, accuracy:5.000000
lat: 31.508965, lng: 74.423713, accuracy:5.000000
lat: 31.508837, lng: 74.423702, accuracy:5.000000
lat: 31.508710, lng: 74.423687, accuracy:5.000000
lat: 31.508597, lng: 74.423677, accuracy:5.000000
lat: 31.508477, lng: 74.423660, accuracy:5.000000
lat: 31.508361, lng: 74.423652, accuracy:5.000000
lat: 31.508256, lng: 74.423645, accuracy:5.000000
lat: 31.508137, lng: 74.423635, accuracy:5.000000
lat: 31.508025, lng: 74.423624, accuracy:5.000000
lat: 31.507912, lng: 74.423611, accuracy:5.000000
lat: 31.507789, lng: 74.423612, accuracy:5.000000
lat: 31.507668, lng: 74.423602, accuracy:5.000000
lat: 31.507544, lng: 74.423585, accuracy:5.000000
lat: 31.507424, lng: 74.423586, accuracy:5.000000
lat: 31.507302, lng: 74.423581, accuracy:5.000000
lat: 31.507197, lng: 74.423589, accuracy:5.000000
lat: 31.507076, lng: 74.423580, accuracy:5.000000
lat: 31.506955, lng: 74.423578, accuracy:5.000000
lat: 31.506827, lng: 74.423579, accuracy:5.000000
lat: 31.506705, lng: 74.423571, accuracy:5.000000
lat: 31.506576, lng: 74.423573, accuracy:5.000000
lat: 31.506457, lng: 74.423570, accuracy:5.000000
lat: 31.506336, lng: 74.423566, accuracy:5.000000
lat: 31.506211, lng: 74.423558, accuracy:5.000000
lat: 31.506086, lng: 74.423558, accuracy:5.000000
lat: 31.505961, lng: 74.423557, accuracy:5.000000
lat: 31.505844, lng: 74.423562, accuracy:5.000000
lat: 31.505727, lng: 74.423567, accuracy:5.000000
lat: 31.505602, lng: 74.423564, accuracy:5.000000
lat: 31.505486, lng: 74.423566, accuracy:5.000000
lat: 31.505369, lng: 74.423569, accuracy:5.000000
lat: 31.505248, lng: 74.423567, accuracy:5.000000
lat: 31.505127, lng: 74.423565, accuracy:5.000000
lat: 31.505001, lng: 74.423569, accuracy:5.000000
lat: 31.504878, lng: 74.423568, accuracy:5.000000
lat: 31.504748, lng: 74.423555, accuracy:5.000000
lat: 31.504639, lng: 74.423563, accuracy:5.000000
lat: 31.504521, lng: 74.423561, accuracy:5.000000
lat: 31.504403, lng: 74.423562, accuracy:5.000000
lat: 31.504283, lng: 74.423540, accuracy:5.000000
lat: 31.504170, lng: 74.423529, accuracy:5.000000
lat: 31.504049, lng: 74.423521, accuracy:5.000000
lat: 31.503930, lng: 74.423520, accuracy:5.000000
lat: 31.503814, lng: 74.423523, accuracy:5.000000
lat: 31.503695, lng: 74.423508, accuracy:5.000000
lat: 31.503571, lng: 74.423528, accuracy:5.000000
lat: 31.503453, lng: 74.423527, accuracy:5.000000
lat: 31.503339, lng: 74.423529, accuracy:5.000000
lat: 31.503226, lng: 74.423522, accuracy:5.000000
lat: 31.503113, lng: 74.423518, accuracy:5.000000
lat: 31.503005, lng: 74.423511, accuracy:5.000000
lat: 31.502894, lng: 74.423507, accuracy:5.000000
lat: 31.502783, lng: 74.423517, accuracy:5.000000
lat: 31.502666, lng: 74.423526, accuracy:5.000000
lat: 31.502555, lng: 74.423544, accuracy:5.000000
lat: 31.502428, lng: 74.423549, accuracy:5.000000
lat: 31.502313, lng: 74.423557, accuracy:5.000000
lat: 31.502204, lng: 74.423568, accuracy:5.000000
lat: 31.502105, lng: 74.423560, accuracy:5.000000
lat: 31.502006, lng: 74.423563, accuracy:5.000000
lat: 31.501917, lng: 74.423567, accuracy:10.000000
lat: 31.501839, lng: 74.423559, accuracy:10.000000
lat: 31.501774, lng: 74.423548, accuracy:10.000000
lat: 31.501701, lng: 74.423528, accuracy:10.000000
lat: 31.501628, lng: 74.423501, accuracy:10.000000
lat: 31.501555, lng: 74.423479, accuracy:10.000000
lat: 31.501479, lng: 74.423440, accuracy:10.000000
lat: 31.501408, lng: 74.423399, accuracy:10.000000
lat: 31.501325, lng: 74.423356, accuracy:10.000000
lat: 31.501236, lng: 74.423289, accuracy:10.000000
lat: 31.501143, lng: 74.423210, accuracy:10.000000
lat: 31.501046, lng: 74.423129, accuracy:10.000000
lat: 31.500954, lng: 74.423074, accuracy:10.000000
lat: 31.500869, lng: 74.423002, accuracy:10.000000
lat: 31.500779, lng: 74.422919, accuracy:10.000000
lat: 31.500721, lng: 74.422897, accuracy:10.000000
lat: 31.500630, lng: 74.422841, accuracy:10.000000
lat: 31.500541, lng: 74.422717, accuracy:10.000000
lat: 31.500431, lng: 74.422607, accuracy:10.000000
lat: 31.500284, lng: 74.422550, accuracy:10.000000
lat: 31.500187, lng: 74.422530, accuracy:10.000000
lat: 31.500111, lng: 74.422454, accuracy:10.000000
lat: 31.500008, lng: 74.422365, accuracy:10.000000
lat: 31.499913, lng: 74.422278, accuracy:10.000000
lat: 31.499820, lng: 74.422221, accuracy:10.000000
lat: 31.499719, lng: 74.422159, accuracy:10.000000
lat: 31.499616, lng: 74.422086, accuracy:10.000000
lat: 31.499509, lng: 74.422018, accuracy:10.000000
lat: 31.499403, lng: 74.421926, accuracy:10.000000
lat: 31.499294, lng: 74.421847, accuracy:10.000000
lat: 31.499193, lng: 74.421771, accuracy:10.000000
lat: 31.499085, lng: 74.421700, accuracy:10.000000
lat: 31.498987, lng: 74.421621, accuracy:10.000000
lat: 31.498877, lng: 74.421556, accuracy:10.000000
lat: 31.498778, lng: 74.421486, accuracy:10.000000
lat: 31.498680, lng: 74.421418, accuracy:10.000000
lat: 31.498579, lng: 74.421342, accuracy:10.000000
lat: 31.498487, lng: 74.421284, accuracy:10.000000
lat: 31.498398, lng: 74.421220, accuracy:10.000000
lat: 31.498330, lng: 74.421154, accuracy:10.000000
lat: 31.498252, lng: 74.421103, accuracy:10.000000
lat: 31.498171, lng: 74.421052, accuracy:10.000000
lat: 31.498087, lng: 74.421006, accuracy:10.000000
lat: 31.498020, lng: 74.420975, accuracy:10.000000
lat: 31.497958, lng: 74.420937, accuracy:10.000000
lat: 31.497865, lng: 74.420914, accuracy:10.000000
lat: 31.497825, lng: 74.420853, accuracy:10.000000
lat: 31.497819, lng: 74.420826, accuracy:10.000000
lat: 31.497795, lng: 74.420801, accuracy:10.000000
lat: 31.497790, lng: 74.420793, accuracy:10.000000
lat: 31.497767, lng: 74.420758, accuracy:10.000000
lat: 31.497753, lng: 74.420724, accuracy:10.000000
lat: 31.497739, lng: 74.420690, accuracy:10.000000
lat: 31.497719, lng: 74.420669, accuracy:10.000000
lat: 31.497704, lng: 74.420634, accuracy:10.000000
lat: 31.497685, lng: 74.420617, accuracy:10.000000
lat: 31.497680, lng: 74.420607, accuracy:10.000000
lat: 31.497681, lng: 74.420595, accuracy:10.000000
lat: 31.498162, lng: 74.421033, accuracy:5.000000
lat: 31.498100, lng: 74.420987, accuracy:5.000000
lat: 31.498040, lng: 74.420951, accuracy:5.000000
lat: 31.497967, lng: 74.420920, accuracy:5.000000
lat: 31.497912, lng: 74.420899, accuracy:5.000000
lat: 31.497870, lng: 74.420864, accuracy:5.000000
lat: 31.497823, lng: 74.420845, accuracy:5.000000
lat: 31.497783, lng: 74.420819, accuracy:5.000000
lat: 31.497738, lng: 74.420789, accuracy:5.000000
lat: 31.497702, lng: 74.420774, accuracy:10.000000
lat: 31.497681, lng: 74.420837, accuracy:5.000000
lat: 31.497625, lng: 74.420859, accuracy:5.000000
lat: 31.497574, lng: 74.420884, accuracy:5.000000
lat: 31.497522, lng: 74.420919, accuracy:10.000000
lat: 31.497481, lng: 74.420975, accuracy:5.000000
lat: 31.497430, lng: 74.421015, accuracy:5.000000
lat: 31.497409, lng: 74.421050, accuracy:5.000000
lat: 31.497376, lng: 74.421113, accuracy:5.000000
lat: 31.497342, lng: 74.421148, accuracy:5.000000
lat: 31.497312, lng: 74.421203, accuracy:5.000000
lat: 31.497287, lng: 74.421245, accuracy:5.000000
lat: 31.497273, lng: 74.421285, accuracy:5.000000
lat: 31.497288, lng: 74.421357, accuracy:5.000000
lat: 31.497304, lng: 74.421416, accuracy:5.000000
lat: 31.497328, lng: 74.421487, accuracy:5.000000
lat: 31.497340, lng: 74.421555, accuracy:5.000000
lat: 31.497366, lng: 74.421626, accuracy:5.000000
lat: 31.497390, lng: 74.421670, accuracy:5.000000
lat: 31.497415, lng: 74.421721, accuracy:5.000000
lat: 31.497428, lng: 74.421767, accuracy:5.000000
lat: 31.497448, lng: 74.421805, accuracy:5.000000
lat: 31.497465, lng: 74.421846, accuracy:5.000000
lat: 31.497475, lng: 74.421885, accuracy:5.000000
lat: 31.497498, lng: 74.421937, accuracy:5.000000
lat: 31.497516, lng: 74.421988, accuracy:5.000000
lat: 31.497534, lng: 74.422042, accuracy:5.000000
lat: 31.497546, lng: 74.422103, accuracy:5.000000
lat: 31.497558, lng: 74.422164, accuracy:5.000000
lat: 31.497582, lng: 74.422220, accuracy:5.000000
lat: 31.497582, lng: 74.422220, accuracy:5.000000
lat: 31.497613, lng: 74.422292, accuracy:5.000000
lat: 31.497625, lng: 74.422362, accuracy:5.000000
lat: 31.497651, lng: 74.422450, accuracy:5.000000
lat: 31.497651, lng: 74.422450, accuracy:5.000000
lat: 31.497674, lng: 74.422507, accuracy:5.000000
lat: 31.497693, lng: 74.422575, accuracy:5.000000
lat: 31.497731, lng: 74.422656, accuracy:5.000000
lat: 31.497777, lng: 74.422753, accuracy:5.000000
lat: 31.497794, lng: 74.422843, accuracy:5.000000
lat: 31.497833, lng: 74.422921, accuracy:5.000000
lat: 31.497874, lng: 74.423001, accuracy:5.000000
lat: 31.497907, lng: 74.423056, accuracy:5.000000
lat: 31.497935, lng: 74.423100, accuracy:5.000000
lat: 31.497954, lng: 74.423136, accuracy:5.000000
lat: 31.497966, lng: 74.423183, accuracy:5.000000
lat: 31.497987, lng: 74.423242, accuracy:5.000000
lat: 31.498016, lng: 74.423299, accuracy:5.000000
lat: 31.498056, lng: 74.423357, accuracy:5.000000
lat: 31.498089, lng: 74.423429, accuracy:5.000000
lat: 31.498124, lng: 74.423507, accuracy:5.000000
lat: 31.498170, lng: 74.423589, accuracy:5.000000
lat: 31.498200, lng: 74.423658, accuracy:5.000000
lat: 31.498229, lng: 74.423730, accuracy:5.000000
lat: 31.498256, lng: 74.423804, accuracy:5.000000
lat: 31.498289, lng: 74.423877, accuracy:5.000000
lat: 31.498325, lng: 74.423950, accuracy:5.000000
lat: 31.498357, lng: 74.424022, accuracy:5.000000
lat: 31.498388, lng: 74.424088, accuracy:5.000000
lat: 31.498418, lng: 74.424156, accuracy:5.000000
lat: 31.498454, lng: 74.424218, accuracy:5.000000
lat: 31.498481, lng: 74.424278, accuracy:5.000000
lat: 31.498508, lng: 74.424346, accuracy:5.000000
lat: 31.498527, lng: 74.424417, accuracy:5.000000
lat: 31.498552, lng: 74.424466, accuracy:5.000000
lat: 31.498590, lng: 74.424527, accuracy:5.000000
lat: 31.498614, lng: 74.424589, accuracy:5.000000
lat: 31.498620, lng: 74.424658, accuracy:5.000000
lat: 31.498648, lng: 74.424718, accuracy:5.000000
lat: 31.498683, lng: 74.424782, accuracy:5.000000
lat: 31.498712, lng: 74.424843, accuracy:5.000000
lat: 31.498758, lng: 74.424928, accuracy:5.000000
lat: 31.498767, lng: 74.424979, accuracy:5.000000
lat: 31.498798, lng: 74.425036, accuracy:5.000000
lat: 31.498835, lng: 74.425082, accuracy:5.000000
lat: 31.498857, lng: 74.425140, accuracy:10.000000
lat: 31.498882, lng: 74.425201, accuracy:10.000000
lat: 31.498907, lng: 74.425255, accuracy:10.000000
lat: 31.498933, lng: 74.425319, accuracy:10.000000
lat: 31.498965, lng: 74.425382, accuracy:10.000000
lat: 31.498982, lng: 74.425411, accuracy:30.000000
lat: 31.499013, lng: 74.425475, accuracy:30.000000
lat: 31.499029, lng: 74.425515, accuracy:30.000000
lat: 31.499120, lng: 74.425675, accuracy:10.000000
lat: 31.499166, lng: 74.425772, accuracy:10.000000
lat: 31.499197, lng: 74.425842, accuracy:5.000000
lat: 31.499226, lng: 74.425908, accuracy:5.000000
lat: 31.499256, lng: 74.425974, accuracy:5.000000
lat: 31.499298, lng: 74.426059, accuracy:5.000000
lat: 31.499326, lng: 74.426121, accuracy:5.000000
lat: 31.499355, lng: 74.426194, accuracy:5.000000
lat: 31.499391, lng: 74.426290, accuracy:5.000000
lat: 31.499426, lng: 74.426379, accuracy:5.000000
lat: 31.499473, lng: 74.426471, accuracy:5.000000
lat: 31.499506, lng: 74.426541, accuracy:5.000000
lat: 31.499538, lng: 74.426607, accuracy:5.000000
lat: 31.499572, lng: 74.426679, accuracy:5.000000
lat: 31.499604, lng: 74.426746, accuracy:5.000000
lat: 31.499643, lng: 74.426827, accuracy:5.000000
lat: 31.499683, lng: 74.426913, accuracy:5.000000
lat: 31.499725, lng: 74.426988, accuracy:5.000000
lat: 31.499771, lng: 74.427073, accuracy:5.000000
lat: 31.499801, lng: 74.427148, accuracy:5.000000
lat: 31.499840, lng: 74.427223, accuracy:5.000000
lat: 31.499886, lng: 74.427318, accuracy:5.000000
lat: 31.499914, lng: 74.427370, accuracy:5.000000
lat: 31.499946, lng: 74.427448, accuracy:5.000000
lat: 31.499970, lng: 74.427512, accuracy:5.000000
lat: 31.500008, lng: 74.427576, accuracy:5.000000
lat: 31.500040, lng: 74.427651, accuracy:5.000000
lat: 31.500070, lng: 74.427721, accuracy:5.000000
lat: 31.500101, lng: 74.427793, accuracy:5.000000
lat: 31.500132, lng: 74.427861, accuracy:5.000000
lat: 31.500161, lng: 74.427929, accuracy:5.000000
lat: 31.500195, lng: 74.427998, accuracy:5.000000
lat: 31.500225, lng: 74.428063, accuracy:5.000000
lat: 31.500257, lng: 74.428126, accuracy:5.000000
lat: 31.500279, lng: 74.428185, accuracy:5.000000
lat: 31.500285, lng: 74.428240, accuracy:5.000000
lat: 31.500300, lng: 74.428292, accuracy:5.000000
lat: 31.500299, lng: 74.428318, accuracy:5.000000
lat: 31.500297, lng: 74.428339, accuracy:5.000000
lat: 31.500294, lng: 74.428362, accuracy:5.000000
lat: 31.500296, lng: 74.428384, accuracy:5.000000
lat: 31.500298, lng: 74.428371, accuracy:5.000000
lat: 31.500291, lng: 74.428374, accuracy:5.000000
lat: 31.500291, lng: 74.428374, accuracy:5.000000
lat: 31.500291, lng: 74.428374, accuracy:5.000000
lat: 31.500291, lng: 74.428374, accuracy:5.000000
lat: 31.500314, lng: 74.428401, accuracy:5.000000
lat: 31.500311, lng: 74.428409, accuracy:5.000000
lat: 31.500308, lng: 74.428412, accuracy:5.000000
lat: 31.500308, lng: 74.428412, accuracy:5.000000
lat: 31.500308, lng: 74.428412, accuracy:5.000000
lat: 31.500308, lng: 74.428412, accuracy:5.000000
lat: 31.500308, lng: 74.428412, accuracy:5.000000
lat: 31.500308, lng: 74.428412, accuracy:5.000000
lat: 31.500308, lng: 74.428412, accuracy:5.000000
lat: 31.500308, lng: 74.428412, accuracy:5.000000
lat: 31.500308, lng: 74.428412, accuracy:5.000000
lat: 31.500308, lng: 74.428412, accuracy:5.000000
lat: 31.500308, lng: 74.428412, accuracy:5.000000
lat: 31.500308, lng: 74.428412, accuracy:5.000000
lat: 31.500308, lng: 74.428412, accuracy:5.000000
lat: 31.500308, lng: 74.428412, accuracy:5.000000
lat: 31.500308, lng: 74.428412, accuracy:5.000000
lat: 31.500308, lng: 74.428412, accuracy:5.000000
lat: 31.500308, lng: 74.428412, accuracy:5.000000
lat: 31.500308, lng: 74.428412, accuracy:5.000000
lat: 31.500308, lng: 74.428412, accuracy:5.000000
lat: 31.500308, lng: 74.428412, accuracy:5.000000
lat: 31.500308, lng: 74.428412, accuracy:5.000000
lat: 31.500308, lng: 74.428412, accuracy:5.000000
lat: 31.500308, lng: 74.428412, accuracy:5.000000
lat: 31.500308, lng: 74.428412, accuracy:5.000000
lat: 31.500308, lng: 74.428412, accuracy:5.000000
lat: 31.500308, lng: 74.428412, accuracy:5.000000
lat: 31.500290, lng: 74.428415, accuracy:5.000000
lat: 31.500288, lng: 74.428425, accuracy:5.000000
lat: 31.500285, lng: 74.428438, accuracy:5.000000
lat: 31.500281, lng: 74.428455, accuracy:5.000000
lat: 31.500276, lng: 74.428478, accuracy:5.000000
lat: 31.500270, lng: 74.428503, accuracy:5.000000
lat: 31.500262, lng: 74.428527, accuracy:5.000000
lat: 31.500252, lng: 74.428551, accuracy:5.000000
lat: 31.500240, lng: 74.428574, accuracy:5.000000
lat: 31.500225, lng: 74.428596, accuracy:5.000000
lat: 31.500203, lng: 74.428627, accuracy:5.000000
lat: 31.500174, lng: 74.428668, accuracy:5.000000
lat: 31.500130, lng: 74.428729, accuracy:5.000000
lat: 31.500098, lng: 74.428781, accuracy:5.000000
lat: 31.500068, lng: 74.428832, accuracy:5.000000
lat: 31.500030, lng: 74.428871, accuracy:5.000000
lat: 31.499988, lng: 74.428910, accuracy:5.000000
lat: 31.499959, lng: 74.428928, accuracy:5.000000
lat: 31.499918, lng: 74.428938, accuracy:5.000000
lat: 31.499885, lng: 74.428938, accuracy:5.000000
lat: 31.499862, lng: 74.428925, accuracy:5.000000
lat: 31.499838, lng: 74.428902, accuracy:5.000000
lat: 31.499819, lng: 74.428880, accuracy:5.000000
lat: 31.499805, lng: 74.428854, accuracy:5.000000
lat: 31.499784, lng: 74.428815, accuracy:5.000000
lat: 31.499771, lng: 74.428774, accuracy:5.000000
lat: 31.499773, lng: 74.428718, accuracy:5.000000
lat: 31.499786, lng: 74.428660, accuracy:5.000000
lat: 31.499804, lng: 74.428617, accuracy:5.000000
lat: 31.499845, lng: 74.428547, accuracy:5.000000
lat: 31.499872, lng: 74.428485, accuracy:5.000000
lat: 31.499898, lng: 74.428436, accuracy:5.000000
lat: 31.499919, lng: 74.428413, accuracy:5.000000
lat: 31.499952, lng: 74.428391, accuracy:5.000000
lat: 31.499984, lng: 74.428374, accuracy:5.000000
lat: 31.500032, lng: 74.428365, accuracy:5.000000
lat: 31.500057, lng: 74.428376, accuracy:5.000000
lat: 31.500080, lng: 74.428391, accuracy:5.000000
lat: 31.500104, lng: 74.428418, accuracy:5.000000
lat: 31.500129, lng: 74.428442, accuracy:5.000000
lat: 31.500153, lng: 74.428471, accuracy:5.000000
lat: 31.500168, lng: 74.428508, accuracy:5.000000
lat: 31.500174, lng: 74.428542, accuracy:5.000000
lat: 31.500177, lng: 74.428580, accuracy:5.000000
lat: 31.500175, lng: 74.428617, accuracy:5.000000
lat: 31.500172, lng: 74.428651, accuracy:5.000000
lat: 31.500163, lng: 74.428688, accuracy:5.000000
lat: 31.500151, lng: 74.428732, accuracy:5.000000
lat: 31.500133, lng: 74.428779, accuracy:5.000000
lat: 31.500084, lng: 74.428841, accuracy:5.000000
lat: 31.500054, lng: 74.428889, accuracy:5.000000
lat: 31.500007, lng: 74.428925, accuracy:5.000000
lat: 31.499958, lng: 74.428948, accuracy:5.000000
lat: 31.499917, lng: 74.428954, accuracy:5.000000
lat: 31.499886, lng: 74.428947, accuracy:5.000000
lat: 31.499864, lng: 74.428933, accuracy:5.000000
lat: 31.499835, lng: 74.428910, accuracy:5.000000
lat: 31.499809, lng: 74.428887, accuracy:5.000000
lat: 31.499794, lng: 74.428848, accuracy:5.000000
lat: 31.499789, lng: 74.428815, accuracy:5.000000
lat: 31.499781, lng: 74.428786, accuracy:5.000000
lat: 31.499785, lng: 74.428761, accuracy:5.000000
lat: 31.499792, lng: 74.428730, accuracy:5.000000
lat: 31.499796, lng: 74.428702, accuracy:5.000000
lat: 31.499798, lng: 74.428670, accuracy:5.000000
lat: 31.499803, lng: 74.428639, accuracy:5.000000
lat: 31.499808, lng: 74.428610, accuracy:5.000000
lat: 31.499817, lng: 74.428582, accuracy:5.000000
lat: 31.499830, lng: 74.428553, accuracy:5.000000
lat: 31.499847, lng: 74.428521, accuracy:5.000000
lat: 31.499869, lng: 74.428483, accuracy:5.000000
lat: 31.499895, lng: 74.428442, accuracy:5.000000
lat: 31.499926, lng: 74.428403, accuracy:5.000000
lat: 31.499982, lng: 74.428377, accuracy:5.000000
lat: 31.500016, lng: 74.428368, accuracy:5.000000
lat: 31.500062, lng: 74.428369, accuracy:5.000000
lat: 31.500104, lng: 74.428389, accuracy:5.000000
lat: 31.500138, lng: 74.428421, accuracy:5.000000
lat: 31.500163, lng: 74.428449, accuracy:5.000000
lat: 31.500181, lng: 74.428477, accuracy:5.000000
lat: 31.500201, lng: 74.428515, accuracy:5.000000
lat: 31.500224, lng: 74.428564, accuracy:5.000000
lat: 31.500246, lng: 74.428604, accuracy:5.000000
lat: 31.500268, lng: 74.428648, accuracy:5.000000
lat: 31.500294, lng: 74.428692, accuracy:5.000000
lat: 31.500323, lng: 74.428734, accuracy:5.000000
lat: 31.500359, lng: 74.428772, accuracy:5.000000
lat: 31.500406, lng: 74.428810, accuracy:5.000000
lat: 31.500453, lng: 74.428845, accuracy:5.000000
lat: 31.500510, lng: 74.428888, accuracy:5.000000
lat: 31.500552, lng: 74.428925, accuracy:5.000000
lat: 31.500608, lng: 74.428966, accuracy:5.000000
lat: 31.500649, lng: 74.428999, accuracy:5.000000
lat: 31.500696, lng: 74.429025, accuracy:5.000000
lat: 31.500751, lng: 74.429063, accuracy:5.000000
lat: 31.500819, lng: 74.429107, accuracy:5.000000
lat: 31.500875, lng: 74.429146, accuracy:5.000000
lat: 31.500932, lng: 74.429177, accuracy:5.000000
lat: 31.500996, lng: 74.429220, accuracy:5.000000
lat: 31.501054, lng: 74.429256, accuracy:5.000000
lat: 31.501110, lng: 74.429286, accuracy:5.000000
lat: 31.501176, lng: 74.429334, accuracy:5.000000
lat: 31.501212, lng: 74.429374, accuracy:5.000000
lat: 31.501267, lng: 74.429409, accuracy:5.000000
lat: 31.501317, lng: 74.429444, accuracy:5.000000
lat: 31.501377, lng: 74.429485, accuracy:5.000000
lat: 31.501420, lng: 74.429523, accuracy:5.000000
lat: 31.501474, lng: 74.429563, accuracy:5.000000
lat: 31.501531, lng: 74.429606, accuracy:5.000000
lat: 31.501594, lng: 74.429646, accuracy:5.000000
lat: 31.501653, lng: 74.429688, accuracy:5.000000
lat: 31.501714, lng: 74.429726, accuracy:5.000000
lat: 31.501780, lng: 74.429774, accuracy:5.000000
lat: 31.501836, lng: 74.429809, accuracy:5.000000
lat: 31.501896, lng: 74.429844, accuracy:5.000000
lat: 31.501959, lng: 74.429882, accuracy:5.000000
lat: 31.502015, lng: 74.429912, accuracy:5.000000
lat: 31.502062, lng: 74.429939, accuracy:5.000000
lat: 31.502084, lng: 74.429953, accuracy:5.000000
lat: 31.502099, lng: 74.429960, accuracy:5.000000
lat: 31.502107, lng: 74.429961, accuracy:5.000000
lat: 31.502113, lng: 74.429961, accuracy:5.000000
lat: 31.502118, lng: 74.429959, accuracy:5.000000
lat: 31.502118, lng: 74.429960, accuracy:5.000000
lat: 31.502118, lng: 74.429960, accuracy:5.000000
lat: 31.502118, lng: 74.429960, accuracy:5.000000
lat: 31.502118, lng: 74.429960, accuracy:5.000000
lat: 31.502118, lng: 74.429960, accuracy:5.000000
lat: 31.502118, lng: 74.429960, accuracy:5.000000
lat: 31.502118, lng: 74.429960, accuracy:5.000000
lat: 31.502118, lng: 74.429960, accuracy:5.000000
lat: 31.502118, lng: 74.429960, accuracy:5.000000
lat: 31.502118, lng: 74.429960, accuracy:5.000000
lat: 31.502118, lng: 74.429960, accuracy:5.000000
lat: 31.502118, lng: 74.429960, accuracy:5.000000
lat: 31.502118, lng: 74.429960, accuracy:5.000000
lat: 31.502118, lng: 74.429960, accuracy:5.000000
lat: 31.502118, lng: 74.429960, accuracy:5.000000
lat: 31.502118, lng: 74.429960, accuracy:5.000000
lat: 31.502118, lng: 74.429960, accuracy:5.000000
lat: 31.502118, lng: 74.429960, accuracy:5.000000
lat: 31.502118, lng: 74.429960, accuracy:5.000000
lat: 31.502118, lng: 74.429960, accuracy:5.000000
lat: 31.502118, lng: 74.429960, accuracy:5.000000
lat: 31.502129, lng: 74.429949, accuracy:5.000000
lat: 31.502161, lng: 74.429977, accuracy:5.000000
lat: 31.502174, lng: 74.429988, accuracy:5.000000
lat: 31.502191, lng: 74.430004, accuracy:5.000000
lat: 31.502208, lng: 74.430018, accuracy:5.000000
lat: 31.502222, lng: 74.430027, accuracy:5.000000
lat: 31.502236, lng: 74.430033, accuracy:5.000000
lat: 31.502245, lng: 74.430040, accuracy:5.000000
lat: 31.502254, lng: 74.430047, accuracy:5.000000
lat: 31.502265, lng: 74.430057, accuracy:5.000000
lat: 31.502280, lng: 74.430067, accuracy:5.000000
lat: 31.502298, lng: 74.430075, accuracy:5.000000
lat: 31.502319, lng: 74.430079, accuracy:5.000000
lat: 31.502343, lng: 74.430076, accuracy:5.000000
lat: 31.502369, lng: 74.430065, accuracy:5.000000
lat: 31.502391, lng: 74.430041, accuracy:5.000000
lat: 31.502408, lng: 74.430007, accuracy:5.000000
lat: 31.502423, lng: 74.429962, accuracy:5.000000
lat: 31.502434, lng: 74.429911, accuracy:5.000000
lat: 31.502442, lng: 74.429858, accuracy:5.000000
lat: 31.502447, lng: 74.429802, accuracy:5.000000
lat: 31.502453, lng: 74.429747, accuracy:5.000000
lat: 31.502458, lng: 74.429692, accuracy:5.000000
lat: 31.502464, lng: 74.429637, accuracy:5.000000
lat: 31.502469, lng: 74.429585, accuracy:5.000000
lat: 31.502467, lng: 74.429530, accuracy:5.000000
lat: 31.502473, lng: 74.429473, accuracy:5.000000
lat: 31.502481, lng: 74.429415, accuracy:5.000000
lat: 31.502493, lng: 74.429368, accuracy:5.000000
lat: 31.502498, lng: 74.429316, accuracy:5.000000
lat: 31.502499, lng: 74.429254, accuracy:5.000000
lat: 31.502496, lng: 74.429204, accuracy:5.000000
lat: 31.502500, lng: 74.429146, accuracy:5.000000
lat: 31.502505, lng: 74.429101, accuracy:5.000000
lat: 31.502509, lng: 74.429050, accuracy:5.000000
lat: 31.502524, lng: 74.428996, accuracy:5.000000
lat: 31.502527, lng: 74.428936, accuracy:5.000000
lat: 31.502526, lng: 74.428884, accuracy:5.000000
lat: 31.502542, lng: 74.428833, accuracy:5.000000
lat: 31.502540, lng: 74.428778, accuracy:5.000000
lat: 31.502542, lng: 74.428733, accuracy:5.000000
lat: 31.502551, lng: 74.428674, accuracy:5.000000
lat: 31.502555, lng: 74.428619, accuracy:5.000000
lat: 31.502556, lng: 74.428558, accuracy:5.000000
lat: 31.502568, lng: 74.428503, accuracy:5.000000
lat: 31.502570, lng: 74.428443, accuracy:5.000000
lat: 31.502577, lng: 74.428384, accuracy:5.000000
lat: 31.502589, lng: 74.428325, accuracy:5.000000
lat: 31.502590, lng: 74.428275, accuracy:5.000000
lat: 31.502592, lng: 74.428231, accuracy:5.000000
lat: 31.502601, lng: 74.428173, accuracy:5.000000
lat: 31.502601, lng: 74.428118, accuracy:5.000000
lat: 31.502606, lng: 74.428063, accuracy:5.000000
lat: 31.502609, lng: 74.428019, accuracy:5.000000
lat: 31.502612, lng: 74.427969, accuracy:5.000000
lat: 31.502616, lng: 74.427903, accuracy:5.000000
lat: 31.502617, lng: 74.427833, accuracy:5.000000
lat: 31.502620, lng: 74.427769, accuracy:5.000000
lat: 31.502625, lng: 74.427679, accuracy:5.000000
lat: 31.502630, lng: 74.427610, accuracy:5.000000
lat: 31.502634, lng: 74.427540, accuracy:5.000000
lat: 31.502641, lng: 74.427472, accuracy:5.000000
lat: 31.502639, lng: 74.427399, accuracy:5.000000
lat: 31.502649, lng: 74.427326, accuracy:5.000000
lat: 31.502664, lng: 74.427256, accuracy:5.000000
lat: 31.502677, lng: 74.427192, accuracy:5.000000
lat: 31.502681, lng: 74.427129, accuracy:5.000000
lat: 31.502695, lng: 74.427055, accuracy:5.000000
lat: 31.502704, lng: 74.426991, accuracy:5.000000
lat: 31.502708, lng: 74.426933, accuracy:5.000000
lat: 31.502711, lng: 74.426867, accuracy:5.000000
lat: 31.502716, lng: 74.426817, accuracy:5.000000
lat: 31.502710, lng: 74.426772, accuracy:5.000000
lat: 31.502680, lng: 74.426765, accuracy:5.000000
lat: 31.502663, lng: 74.426745, accuracy:5.000000
lat: 31.502647, lng: 74.426731, accuracy:5.000000
lat: 31.502627, lng: 74.426717, accuracy:5.000000
lat: 31.502598, lng: 74.426707, accuracy:5.000000
lat: 31.502576, lng: 74.426700, accuracy:5.000000
lat: 31.502538, lng: 74.426701, accuracy:5.000000
lat: 31.502467, lng: 74.426700, accuracy:5.000000
lat: 31.502426, lng: 74.426697, accuracy:5.000000
lat: 31.502383, lng: 74.426689, accuracy:5.000000
lat: 31.502339, lng: 74.426683, accuracy:5.000000
lat: 31.502275, lng: 74.426670, accuracy:5.000000
lat: 31.502222, lng: 74.426665, accuracy:5.000000
lat: 31.502171, lng: 74.426664, accuracy:5.000000
lat: 31.502116, lng: 74.426656, accuracy:5.000000
lat: 31.502068, lng: 74.426654, accuracy:5.000000
lat: 31.502011, lng: 74.426648, accuracy:5.000000
lat: 31.501947, lng: 74.426632, accuracy:5.000000
lat: 31.501896, lng: 74.426614, accuracy:5.000000
lat: 31.501824, lng: 74.426608, accuracy:5.000000
lat: 31.501759, lng: 74.426602, accuracy:5.000000
lat: 31.501709, lng: 74.426590, accuracy:5.000000
lat: 31.501658, lng: 74.426579, accuracy:5.000000
lat: 31.501604, lng: 74.426584, accuracy:5.000000
lat: 31.501555, lng: 74.426564, accuracy:5.000000
lat: 31.501505, lng: 74.426547, accuracy:5.000000
lat: 31.501460, lng: 74.426528, accuracy:5.000000
lat: 31.501423, lng: 74.426527, accuracy:5.000000
lat: 31.501374, lng: 74.426521, accuracy:5.000000
lat: 31.501329, lng: 74.426512, accuracy:5.000000
lat: 31.501283, lng: 74.426500, accuracy:5.000000
lat: 31.501250, lng: 74.426507, accuracy:5.000000
lat: 31.501207, lng: 74.426506, accuracy:5.000000
lat: 31.501193, lng: 74.426556, accuracy:5.000000
lat: 31.501168, lng: 74.426601, accuracy:5.000000
lat: 31.501161, lng: 74.426645, accuracy:5.000000
lat: 31.501138, lng: 74.426710, accuracy:5.000000
lat: 31.501117, lng: 74.426764, accuracy:5.000000
lat: 31.501103, lng: 74.426828, accuracy:5.000000
lat: 31.501087, lng: 74.426885, accuracy:5.000000
lat: 31.501082, lng: 74.426940, accuracy:5.000000
lat: 31.501073, lng: 74.427002, accuracy:5.000000
lat: 31.501060, lng: 74.427053, accuracy:5.000000
lat: 31.501047, lng: 74.427103, accuracy:5.000000
lat: 31.501032, lng: 74.427154, accuracy:5.000000
lat: 31.501012, lng: 74.427216, accuracy:5.000000
lat: 31.501001, lng: 74.427264, accuracy:5.000000
lat: 31.500989, lng: 74.427322, accuracy:5.000000
lat: 31.500984, lng: 74.427375, accuracy:5.000000
lat: 31.500979, lng: 74.427427, accuracy:5.000000
lat: 31.500967, lng: 74.427499, accuracy:5.000000
lat: 31.500960, lng: 74.427547, accuracy:5.000000
lat: 31.500951, lng: 74.427591, accuracy:5.000000
lat: 31.500942, lng: 74.427655, accuracy:5.000000
lat: 31.500930, lng: 74.427708, accuracy:5.000000
lat: 31.500915, lng: 74.427769, accuracy:5.000000
lat: 31.500910, lng: 74.427827, accuracy:5.000000
lat: 31.500903, lng: 74.427888, accuracy:5.000000
lat: 31.500888, lng: 74.427944, accuracy:5.000000
lat: 31.500877, lng: 74.427992, accuracy:5.000000
lat: 31.500877, lng: 74.428058, accuracy:5.000000
lat: 31.500870, lng: 74.428105, accuracy:5.000000
lat: 31.500873, lng: 74.428160, accuracy:5.000000
lat: 31.500867, lng: 74.428203, accuracy:5.000000
lat: 31.500861, lng: 74.428233, accuracy:5.000000
lat: 31.500864, lng: 74.428271, accuracy:5.000000
lat: 31.500877, lng: 74.428305, accuracy:5.000000
lat: 31.500900, lng: 74.428339, accuracy:5.000000
lat: 31.500936, lng: 74.428361, accuracy:5.000000
lat: 31.500970, lng: 74.428379, accuracy:5.000000
lat: 31.501011, lng: 74.428402, accuracy:5.000000
lat: 31.501058, lng: 74.428408, accuracy:5.000000
lat: 31.501105, lng: 74.428435, accuracy:5.000000
lat: 31.501133, lng: 74.428433, accuracy:5.000000
lat: 31.501180, lng: 74.428449, accuracy:5.000000
lat: 31.501245, lng: 74.428481, accuracy:5.000000
lat: 31.501289, lng: 74.428484, accuracy:5.000000
lat: 31.501345, lng: 74.428486, accuracy:5.000000
lat: 31.501400, lng: 74.428501, accuracy:5.000000
lat: 31.501476, lng: 74.428525, accuracy:5.000000
lat: 31.501526, lng: 74.428540, accuracy:5.000000
lat: 31.501574, lng: 74.428557, accuracy:5.000000
lat: 31.501632, lng: 74.428552, accuracy:5.000000
lat: 31.501678, lng: 74.428576, accuracy:5.000000
lat: 31.501726, lng: 74.428586, accuracy:5.000000
lat: 31.501781, lng: 74.428580, accuracy:5.000000
lat: 31.501827, lng: 74.428589, accuracy:5.000000
lat: 31.501860, lng: 74.428575, accuracy:5.000000
lat: 31.501898, lng: 74.428571, accuracy:5.000000
lat: 31.501934, lng: 74.428530, accuracy:5.000000
lat: 31.501942, lng: 74.428489, accuracy:5.000000
lat: 31.501952, lng: 74.428449, accuracy:5.000000
lat: 31.501960, lng: 74.428396, accuracy:5.000000
lat: 31.501979, lng: 74.428335, accuracy:5.000000
lat: 31.501982, lng: 74.428289, accuracy:5.000000
lat: 31.501989, lng: 74.428241, accuracy:5.000000
lat: 31.501996, lng: 74.428184, accuracy:5.000000
lat: 31.502012, lng: 74.428142, accuracy:5.000000
lat: 31.502030, lng: 74.428092, accuracy:5.000000
lat: 31.502060, lng: 74.428043, accuracy:5.000000
lat: 31.502100, lng: 74.428030, accuracy:5.000000
lat: 31.502144, lng: 74.428019, accuracy:5.000000
lat: 31.502191, lng: 74.428015, accuracy:5.000000
lat: 31.502240, lng: 74.428018, accuracy:5.000000
lat: 31.502288, lng: 74.428020, accuracy:5.000000
lat: 31.502332, lng: 74.428023, accuracy:5.000000
lat: 31.502378, lng: 74.428036, accuracy:5.000000
lat: 31.502416, lng: 74.428031, accuracy:5.000000
lat: 31.502443, lng: 74.428029, accuracy:5.000000
lat: 31.502482, lng: 74.428025, accuracy:5.000000
lat: 31.502518, lng: 74.428007, accuracy:5.000000
lat: 31.502548, lng: 74.427974, accuracy:5.000000
lat: 31.502572, lng: 74.427933, accuracy:5.000000
lat: 31.502587, lng: 74.427890, accuracy:5.000000
lat: 31.502613, lng: 74.427818, accuracy:5.000000
lat: 31.502624, lng: 74.427746, accuracy:5.000000
lat: 31.502632, lng: 74.427678, accuracy:5.000000
lat: 31.502643, lng: 74.427606, accuracy:5.000000
lat: 31.502655, lng: 74.427535, accuracy:5.000000
lat: 31.502664, lng: 74.427459, accuracy:5.000000
lat: 31.502674, lng: 74.427396, accuracy:5.000000
lat: 31.502684, lng: 74.427320, accuracy:5.000000
lat: 31.502691, lng: 74.427250, accuracy:5.000000
lat: 31.502692, lng: 74.427183, accuracy:5.000000
lat: 31.502707, lng: 74.427111, accuracy:5.000000
lat: 31.502714, lng: 74.427038, accuracy:5.000000
lat: 31.502728, lng: 74.426978, accuracy:5.000000
lat: 31.502739, lng: 74.426907, accuracy:5.000000
lat: 31.502743, lng: 74.426837, accuracy:5.000000
lat: 31.502754, lng: 74.426776, accuracy:5.000000
lat: 31.502766, lng: 74.426703, accuracy:5.000000
lat: 31.502772, lng: 74.426630, accuracy:5.000000
lat: 31.502783, lng: 74.426566, accuracy:5.000000
lat: 31.502791, lng: 74.426515, accuracy:5.000000
lat: 31.502799, lng: 74.426465, accuracy:5.000000
lat: 31.502813, lng: 74.426409, accuracy:5.000000
lat: 31.502818, lng: 74.426351, accuracy:5.000000
lat: 31.502830, lng: 74.426294, accuracy:5.000000
lat: 31.502843, lng: 74.426246, accuracy:5.000000
lat: 31.502860, lng: 74.426207, accuracy:5.000000
lat: 31.502873, lng: 74.426167, accuracy:5.000000
lat: 31.502886, lng: 74.426140, accuracy:5.000000
lat: 31.502906, lng: 74.426111, accuracy:5.000000
lat: 31.502920, lng: 74.426087, accuracy:5.000000
lat: 31.502930, lng: 74.426091, accuracy:5.000000
lat: 31.502944, lng: 74.426085, accuracy:5.000000
lat: 31.502974, lng: 74.426080, accuracy:5.000000
lat: 31.502998, lng: 74.426085, accuracy:5.000000
lat: 31.503029, lng: 74.426086, accuracy:5.000000
lat: 31.503062, lng: 74.426092, accuracy:5.000000
lat: 31.503093, lng: 74.426101, accuracy:5.000000
lat: 31.503124, lng: 74.426108, accuracy:5.000000
lat: 31.503157, lng: 74.426115, accuracy:5.000000
lat: 31.503188, lng: 74.426120, accuracy:5.000000
lat: 31.503223, lng: 74.426125, accuracy:5.000000
lat: 31.503262, lng: 74.426130, accuracy:5.000000
lat: 31.503302, lng: 74.426133, accuracy:5.000000
lat: 31.503340, lng: 74.426126, accuracy:5.000000
lat: 31.503386, lng: 74.426121, accuracy:5.000000
lat: 31.503434, lng: 74.426116, accuracy:5.000000
lat: 31.503484, lng: 74.426110, accuracy:5.000000
lat: 31.503534, lng: 74.426111, accuracy:5.000000
lat: 31.503582, lng: 74.426108, accuracy:5.000000
lat: 31.503625, lng: 74.426102, accuracy:5.000000
lat: 31.503662, lng: 74.426093, accuracy:5.000000
lat: 31.503700, lng: 74.426090, accuracy:5.000000
lat: 31.503736, lng: 74.426080, accuracy:5.000000
lat: 31.503772, lng: 74.426074, accuracy:5.000000
lat: 31.503800, lng: 74.426070, accuracy:5.000000
lat: 31.503832, lng: 74.426067, accuracy:5.000000
lat: 31.503857, lng: 74.426063, accuracy:5.000000
lat: 31.503881, lng: 74.426063, accuracy:5.000000
lat: 31.503901, lng: 74.426064, accuracy:5.000000
lat: 31.503918, lng: 74.426064, accuracy:5.000000
lat: 31.503929, lng: 74.426064, accuracy:5.000000
lat: 31.503929, lng: 74.426064, accuracy:5.000000
lat: 31.503929, lng: 74.426064, accuracy:5.000000
lat: 31.503929, lng: 74.426064, accuracy:5.000000
lat: 31.503929, lng: 74.426064, accuracy:5.000000
lat: 31.503929, lng: 74.426064, accuracy:5.000000
lat: 31.503929, lng: 74.426064, accuracy:5.000000
lat: 31.503929, lng: 74.426064, accuracy:5.000000
lat: 31.503929, lng: 74.426064, accuracy:5.000000
lat: 31.503929, lng: 74.426064, accuracy:5.000000
lat: 31.503929, lng: 74.426064, accuracy:5.000000
lat: 31.503929, lng: 74.426064, accuracy:5.000000
lat: 31.503929, lng: 74.426064, accuracy:5.000000
lat: 31.503929, lng: 74.426064, accuracy:5.000000
lat: 31.503929, lng: 74.426064, accuracy:5.000000
lat: 31.503929, lng: 74.426064, accuracy:5.000000
lat: 31.503929, lng: 74.426064, accuracy:5.000000
lat: 31.503929, lng: 74.426064, accuracy:5.000000
lat: 31.503929, lng: 74.426064, accuracy:5.000000
lat: 31.503929, lng: 74.426064, accuracy:5.000000
lat: 31.503929, lng: 74.426064, accuracy:5.000000
lat: 31.503929, lng: 74.426064, accuracy:5.000000
lat: 31.503929, lng: 74.426064, accuracy:5.000000
lat: 31.503929, lng: 74.426064, accuracy:5.000000
lat: 31.503929, lng: 74.426064, accuracy:5.000000
lat: 31.503929, lng: 74.426064, accuracy:5.000000
lat: 31.503929, lng: 74.426064, accuracy:5.000000
lat: 31.503929, lng: 74.426064, accuracy:5.000000
lat: 31.503929, lng: 74.426064, accuracy:5.000000
lat: 31.503929, lng: 74.426064, accuracy:5.000000
lat: 31.503929, lng: 74.426064, accuracy:5.000000
lat: 31.503929, lng: 74.426064, accuracy:5.000000
lat: 31.503929, lng: 74.426064, accuracy:10.000000
lat: 31.503929, lng: 74.426064, accuracy:10.000000
lat: 31.503929, lng: 74.426064, accuracy:10.000000
lat: 31.503929, lng: 74.426064, accuracy:10.000000
lat: 31.503929, lng: 74.426064, accuracy:10.000000
lat: 31.503929, lng: 74.426064, accuracy:10.000000
lat: 31.503929, lng: 74.426064, accuracy:10.000000
lat: 31.503929, lng: 74.426064, accuracy:10.000000
lat: 31.503929, lng: 74.426064, accuracy:10.000000
lat: 31.503950, lng: 74.426037, accuracy:10.000000
lat: 31.503956, lng: 74.426038, accuracy:10.000000
lat: 31.503971, lng: 74.426033, accuracy:10.000000
lat: 31.503985, lng: 74.426025, accuracy:10.000000
lat: 31.503999, lng: 74.426007, accuracy:10.000000
lat: 31.504008, lng: 74.425982, accuracy:10.000000
lat: 31.504010, lng: 74.425954, accuracy:10.000000
lat: 31.504007, lng: 74.425920, accuracy:10.000000
lat: 31.504002, lng: 74.425879, accuracy:5.000000
lat: 31.503997, lng: 74.425838, accuracy:5.000000
lat: 31.503993, lng: 74.425799, accuracy:5.000000
lat: 31.503989, lng: 74.425760, accuracy:5.000000
lat: 31.503986, lng: 74.425715, accuracy:5.000000
lat: 31.503982, lng: 74.425666, accuracy:5.000000
lat: 31.503975, lng: 74.425615, accuracy:5.000000
lat: 31.503976, lng: 74.425566, accuracy:5.000000
lat: 31.503971, lng: 74.425521, accuracy:5.000000
lat: 31.503967, lng: 74.425474, accuracy:5.000000
lat: 31.503963, lng: 74.425436, accuracy:5.000000
lat: 31.503956, lng: 74.425390, accuracy:5.000000
lat: 31.503951, lng: 74.425339, accuracy:5.000000
lat: 31.503950, lng: 74.425288, accuracy:5.000000
lat: 31.503946, lng: 74.425246, accuracy:5.000000
lat: 31.503943, lng: 74.425199, accuracy:5.000000
lat: 31.503938, lng: 74.425155, accuracy:5.000000
lat: 31.503932, lng: 74.425118, accuracy:5.000000
lat: 31.503915, lng: 74.425089, accuracy:5.000000
lat: 31.503893, lng: 74.425060, accuracy:5.000000
lat: 31.503868, lng: 74.425037, accuracy:5.000000
lat: 31.503837, lng: 74.425019, accuracy:5.000000
lat: 31.503796, lng: 74.425010, accuracy:5.000000
lat: 31.503750, lng: 74.425006, accuracy:5.000000
lat: 31.503708, lng: 74.425008, accuracy:5.000000
lat: 31.503667, lng: 74.425013, accuracy:5.000000
lat: 31.503628, lng: 74.425018, accuracy:5.000000
lat: 31.503593, lng: 74.425024, accuracy:5.000000
lat: 31.503557, lng: 74.425030, accuracy:5.000000
lat: 31.503521, lng: 74.425036, accuracy:5.000000
lat: 31.503488, lng: 74.425043, accuracy:5.000000
lat: 31.503462, lng: 74.425050, accuracy:5.000000
lat: 31.503438, lng: 74.425066, accuracy:5.000000
lat: 31.503415, lng: 74.425092, accuracy:5.000000
lat: 31.503397, lng: 74.425127, accuracy:5.000000
lat: 31.503387, lng: 74.425173, accuracy:5.000000
lat: 31.503412, lng: 74.425254, accuracy:5.000000
lat: 31.503399, lng: 74.425313, accuracy:5.000000
lat: 31.503390, lng: 74.425410, accuracy:5.000000
lat: 31.503372, lng: 74.425473, accuracy:5.000000
lat: 31.503360, lng: 74.425543, accuracy:5.000000
lat: 31.503349, lng: 74.425606, accuracy:5.000000
lat: 31.503336, lng: 74.425665, accuracy:5.000000
lat: 31.503326, lng: 74.425732, accuracy:5.000000
lat: 31.503315, lng: 74.425773, accuracy:5.000000
lat: 31.503308, lng: 74.425808, accuracy:5.000000
lat: 31.503284, lng: 74.425860, accuracy:5.000000
lat: 31.503273, lng: 74.425904, accuracy:5.000000
lat: 31.503259, lng: 74.425940, accuracy:5.000000
lat: 31.503249, lng: 74.425945, accuracy:5.000000
lat: 31.503236, lng: 74.425958, accuracy:5.000000
lat: 31.503230, lng: 74.425964, accuracy:5.000000
lat: 31.503225, lng: 74.425972, accuracy:5.000000
lat: 31.503206, lng: 74.425991, accuracy:5.000000
lat: 31.503205, lng: 74.426034, accuracy:5.000000
lat: 31.503200, lng: 74.426057, accuracy:5.000000
lat: 31.503193, lng: 74.426088, accuracy:5.000000
lat: 31.503188, lng: 74.426120, accuracy:5.000000
lat: 31.503180, lng: 74.426158, accuracy:5.000000
lat: 31.503170, lng: 74.426198, accuracy:5.000000
lat: 31.503159, lng: 74.426239, accuracy:5.000000
lat: 31.503154, lng: 74.426322, accuracy:5.000000
lat: 31.503143, lng: 74.426389, accuracy:5.000000
lat: 31.503127, lng: 74.426462, accuracy:10.000000
lat: 31.503109, lng: 74.426526, accuracy:10.000000
lat: 31.503099, lng: 74.426599, accuracy:10.000000
lat: 31.503086, lng: 74.426660, accuracy:10.000000
lat: 31.503078, lng: 74.426737, accuracy:10.000000
lat: 31.503073, lng: 74.426806, accuracy:10.000000
lat: 31.503055, lng: 74.426871, accuracy:10.000000
lat: 31.503038, lng: 74.426936, accuracy:10.000000
lat: 31.503028, lng: 74.426993, accuracy:10.000000
lat: 31.503015, lng: 74.427069, accuracy:10.000000
lat: 31.503015, lng: 74.427129, accuracy:10.000000
lat: 31.503008, lng: 74.427194, accuracy:10.000000
lat: 31.502992, lng: 74.427270, accuracy:10.000000
lat: 31.502981, lng: 74.427353, accuracy:10.000000
lat: 31.502972, lng: 74.427426, accuracy:10.000000
lat: 31.502961, lng: 74.427498, accuracy:10.000000
lat: 31.502957, lng: 74.427577, accuracy:10.000000
lat: 31.502942, lng: 74.427655, accuracy:10.000000
lat: 31.502938, lng: 74.427735, accuracy:10.000000
lat: 31.502931, lng: 74.427806, accuracy:10.000000
lat: 31.502927, lng: 74.427868, accuracy:10.000000
lat: 31.502923, lng: 74.427939, accuracy:10.000000
lat: 31.502917, lng: 74.428000, accuracy:10.000000
lat: 31.502908, lng: 74.428071, accuracy:10.000000
lat: 31.502900, lng: 74.428147, accuracy:10.000000
lat: 31.502888, lng: 74.428220, accuracy:10.000000
lat: 31.502879, lng: 74.428288, accuracy:10.000000
lat: 31.502873, lng: 74.428358, accuracy:10.000000
lat: 31.502866, lng: 74.428423, accuracy:10.000000
lat: 31.502865, lng: 74.428497, accuracy:10.000000
lat: 31.502863, lng: 74.428559, accuracy:10.000000
lat: 31.502859, lng: 74.428622, accuracy:10.000000
lat: 31.502854, lng: 74.428682, accuracy:10.000000
lat: 31.502849, lng: 74.428737, accuracy:5.000000
lat: 31.502844, lng: 74.428793, accuracy:5.000000
lat: 31.502840, lng: 74.428849, accuracy:5.000000
lat: 31.502834, lng: 74.428907, accuracy:5.000000
lat: 31.502830, lng: 74.428968, accuracy:5.000000
lat: 31.502819, lng: 74.429030, accuracy:5.000000
lat: 31.502819, lng: 74.429088, accuracy:5.000000
lat: 31.502818, lng: 74.429146, accuracy:5.000000
lat: 31.502821, lng: 74.429201, accuracy:5.000000
lat: 31.502816, lng: 74.429262, accuracy:5.000000
lat: 31.502813, lng: 74.429322, accuracy:5.000000
lat: 31.502811, lng: 74.429384, accuracy:5.000000
lat: 31.502807, lng: 74.429440, accuracy:5.000000
lat: 31.502806, lng: 74.429491, accuracy:5.000000
lat: 31.502809, lng: 74.429543, accuracy:5.000000
lat: 31.502802, lng: 74.429597, accuracy:5.000000
lat: 31.502793, lng: 74.429646, accuracy:5.000000
lat: 31.502771, lng: 74.429682, accuracy:5.000000
lat: 31.502762, lng: 74.429727, accuracy:5.000000
lat: 31.502775, lng: 74.429776, accuracy:5.000000
lat: 31.502786, lng: 74.429815, accuracy:5.000000
lat: 31.502775, lng: 74.429825, accuracy:5.000000
lat: 31.502780, lng: 74.429829, accuracy:5.000000
lat: 31.502774, lng: 74.429830, accuracy:5.000000
lat: 31.502743, lng: 74.429827, accuracy:5.000000
lat: 31.502739, lng: 74.429834, accuracy:5.000000
lat: 31.502737, lng: 74.429849, accuracy:5.000000
lat: 31.502732, lng: 74.429857, accuracy:5.000000
lat: 31.502731, lng: 74.429874, accuracy:5.000000
lat: 31.502729, lng: 74.429887, accuracy:5.000000
lat: 31.502727, lng: 74.429904, accuracy:5.000000
lat: 31.502726, lng: 74.429923, accuracy:5.000000
lat: 31.502724, lng: 74.429939, accuracy:5.000000
lat: 31.502723, lng: 74.429956, accuracy:5.000000
lat: 31.502724, lng: 74.429974, accuracy:5.000000
lat: 31.502724, lng: 74.429999, accuracy:5.000000
lat: 31.502720, lng: 74.430032, accuracy:5.000000
lat: 31.502716, lng: 74.430070, accuracy:5.000000
lat: 31.502708, lng: 74.430111, accuracy:5.000000
lat: 31.502696, lng: 74.430156, accuracy:5.000000
lat: 31.502682, lng: 74.430205, accuracy:5.000000
lat: 31.502667, lng: 74.430254, accuracy:5.000000
lat: 31.502652, lng: 74.430301, accuracy:5.000000
lat: 31.502637, lng: 74.430348, accuracy:5.000000
lat: 31.502610, lng: 74.430404, accuracy:5.000000
lat: 31.502589, lng: 74.430457, accuracy:5.000000
lat: 31.502577, lng: 74.430519, accuracy:5.000000
lat: 31.502566, lng: 74.430572, accuracy:5.000000
lat: 31.502549, lng: 74.430623, accuracy:5.000000
lat: 31.502529, lng: 74.430671, accuracy:5.000000
lat: 31.502507, lng: 74.430728, accuracy:5.000000
lat: 31.502479, lng: 74.430785, accuracy:5.000000
lat: 31.502448, lng: 74.430836, accuracy:5.000000
lat: 31.502440, lng: 74.430890, accuracy:5.000000
lat: 31.502410, lng: 74.430945, accuracy:5.000000
lat: 31.502387, lng: 74.431014, accuracy:5.000000
lat: 31.502367, lng: 74.431071, accuracy:5.000000
lat: 31.502362, lng: 74.431139, accuracy:5.000000
lat: 31.502341, lng: 74.431199, accuracy:5.000000
lat: 31.502295, lng: 74.431260, accuracy:5.000000
lat: 31.502270, lng: 74.431318, accuracy:5.000000
lat: 31.502249, lng: 74.431388, accuracy:5.000000
lat: 31.502224, lng: 74.431452, accuracy:5.000000
lat: 31.502200, lng: 74.431511, accuracy:5.000000
lat: 31.502187, lng: 74.431561, accuracy:10.000000
lat: 31.502128, lng: 74.431647, accuracy:5.000000
lat: 31.502120, lng: 74.431709, accuracy:5.000000
lat: 31.502129, lng: 74.431790, accuracy:5.000000
lat: 31.502101, lng: 74.431845, accuracy:5.000000
lat: 31.502085, lng: 74.431919, accuracy:5.000000
lat: 31.502065, lng: 74.431972, accuracy:5.000000
lat: 31.502055, lng: 74.432030, accuracy:5.000000
lat: 31.502037, lng: 74.432088, accuracy:5.000000
lat: 31.502021, lng: 74.432168, accuracy:5.000000
lat: 31.502002, lng: 74.432227, accuracy:5.000000
lat: 31.501981, lng: 74.432291, accuracy:5.000000
lat: 31.501973, lng: 74.432357, accuracy:5.000000
lat: 31.501955, lng: 74.432415, accuracy:5.000000
lat: 31.501940, lng: 74.432472, accuracy:5.000000
lat: 31.501925, lng: 74.432536, accuracy:5.000000
lat: 31.501904, lng: 74.432597, accuracy:5.000000
lat: 31.501888, lng: 74.432657, accuracy:5.000000
lat: 31.501871, lng: 74.432716, accuracy:5.000000
lat: 31.501852, lng: 74.432778, accuracy:5.000000
lat: 31.501844, lng: 74.432831, accuracy:5.000000
lat: 31.501831, lng: 74.432883, accuracy:5.000000
lat: 31.501813, lng: 74.432944, accuracy:5.000000
lat: 31.501787, lng: 74.433011, accuracy:5.000000
lat: 31.501761, lng: 74.433074, accuracy:5.000000
lat: 31.501748, lng: 74.433134, accuracy:5.000000
lat: 31.501729, lng: 74.433197, accuracy:5.000000
lat: 31.501696, lng: 74.433259, accuracy:5.000000
lat: 31.501678, lng: 74.433307, accuracy:5.000000
lat: 31.501652, lng: 74.433373, accuracy:5.000000
lat: 31.501630, lng: 74.433443, accuracy:5.000000
lat: 31.501604, lng: 74.433489, accuracy:10.000000
lat: 31.501591, lng: 74.433531, accuracy:10.000000
lat: 31.501579, lng: 74.433569, accuracy:10.000000
lat: 31.501559, lng: 74.433605, accuracy:10.000000
lat: 31.501548, lng: 74.433644, accuracy:10.000000
lat: 31.501532, lng: 74.433683, accuracy:10.000000
lat: 31.501519, lng: 74.433720, accuracy:10.000000
lat: 31.501499, lng: 74.433757, accuracy:10.000000
lat: 31.501485, lng: 74.433792, accuracy:10.000000
lat: 31.501462, lng: 74.433830, accuracy:10.000000
lat: 31.501441, lng: 74.433873, accuracy:10.000000
lat: 31.501419, lng: 74.433909, accuracy:10.000000
lat: 31.501391, lng: 74.433950, accuracy:10.000000
lat: 31.501366, lng: 74.433993, accuracy:10.000000
lat: 31.501344, lng: 74.434037, accuracy:10.000000
lat: 31.501314, lng: 74.434079, accuracy:10.000000
lat: 31.501302, lng: 74.434130, accuracy:10.000000
lat: 31.501287, lng: 74.434175, accuracy:10.000000
lat: 31.501271, lng: 74.434228, accuracy:10.000000
lat: 31.501256, lng: 74.434280, accuracy:10.000000
lat: 31.501241, lng: 74.434334, accuracy:10.000000
lat: 31.501215, lng: 74.434388, accuracy:10.000000
lat: 31.501192, lng: 74.434447, accuracy:10.000000
lat: 31.501166, lng: 74.434508, accuracy:10.000000
lat: 31.501139, lng: 74.434569, accuracy:10.000000
lat: 31.501114, lng: 74.434631, accuracy:10.000000
lat: 31.501079, lng: 74.434694, accuracy:10.000000
lat: 31.501048, lng: 74.434759, accuracy:10.000000
lat: 31.501014, lng: 74.434820, accuracy:10.000000
lat: 31.500987, lng: 74.434880, accuracy:10.000000
lat: 31.500959, lng: 74.434936, accuracy:10.000000
lat: 31.500935, lng: 74.434998, accuracy:10.000000
lat: 31.500908, lng: 74.435060, accuracy:10.000000
lat: 31.500879, lng: 74.435122, accuracy:10.000000
lat: 31.500855, lng: 74.435181, accuracy:10.000000
lat: 31.500828, lng: 74.435236, accuracy:10.000000
lat: 31.500803, lng: 74.435293, accuracy:10.000000
lat: 31.500773, lng: 74.435348, accuracy:10.000000
lat: 31.500746, lng: 74.435408, accuracy:10.000000
lat: 31.500711, lng: 74.435464, accuracy:10.000000
lat: 31.500677, lng: 74.435528, accuracy:10.000000
lat: 31.500643, lng: 74.435587, accuracy:10.000000
lat: 31.500612, lng: 74.435652, accuracy:10.000000
lat: 31.500571, lng: 74.435713, accuracy:10.000000
lat: 31.500544, lng: 74.435774, accuracy:10.000000
lat: 31.500500, lng: 74.435836, accuracy:10.000000
lat: 31.500466, lng: 74.435893, accuracy:10.000000
lat: 31.500433, lng: 74.435961, accuracy:10.000000
lat: 31.500392, lng: 74.436015, accuracy:10.000000
lat: 31.500353, lng: 74.436076, accuracy:10.000000
lat: 31.500307, lng: 74.436145, accuracy:10.000000
lat: 31.500267, lng: 74.436203, accuracy:10.000000
lat: 31.500222, lng: 74.436259, accuracy:10.000000
lat: 31.500182, lng: 74.436315, accuracy:10.000000
lat: 31.500140, lng: 74.436365, accuracy:10.000000
lat: 31.500096, lng: 74.436421, accuracy:10.000000
lat: 31.500051, lng: 74.436471, accuracy:10.000000
lat: 31.500015, lng: 74.436527, accuracy:10.000000
lat: 31.499973, lng: 74.436578, accuracy:10.000000
lat: 31.499929, lng: 74.436626, accuracy:10.000000
lat: 31.499888, lng: 74.436678, accuracy:10.000000
lat: 31.499849, lng: 74.436728, accuracy:10.000000
lat: 31.499809, lng: 74.436776, accuracy:10.000000
lat: 31.499769, lng: 74.436825, accuracy:10.000000
lat: 31.499724, lng: 74.436871, accuracy:10.000000
lat: 31.499677, lng: 74.436913, accuracy:5.000000
lat: 31.499633, lng: 74.436949, accuracy:5.000000
lat: 31.499588, lng: 74.436998, accuracy:5.000000
lat: 31.499540, lng: 74.437039, accuracy:5.000000
lat: 31.499494, lng: 74.437087, accuracy:5.000000
lat: 31.499443, lng: 74.437128, accuracy:5.000000
lat: 31.499388, lng: 74.437172, accuracy:5.000000
lat: 31.499342, lng: 74.437218, accuracy:5.000000
lat: 31.499300, lng: 74.437261, accuracy:5.000000
lat: 31.499247, lng: 74.437303, accuracy:5.000000
lat: 31.499193, lng: 74.437345, accuracy:5.000000
lat: 31.499141, lng: 74.437386, accuracy:5.000000
lat: 31.499102, lng: 74.437426, accuracy:5.000000
lat: 31.499047, lng: 74.437471, accuracy:5.000000
lat: 31.498990, lng: 74.437509, accuracy:5.000000
lat: 31.498929, lng: 74.437555, accuracy:5.000000
lat: 31.498869, lng: 74.437598, accuracy:5.000000
lat: 31.498806, lng: 74.437639, accuracy:5.000000
lat: 31.498749, lng: 74.437678, accuracy:5.000000
lat: 31.498693, lng: 74.437717, accuracy:5.000000
lat: 31.498632, lng: 74.437767, accuracy:5.000000
lat: 31.498583, lng: 74.437802, accuracy:5.000000
lat: 31.498521, lng: 74.437839, accuracy:5.000000
lat: 31.498453, lng: 74.437872, accuracy:5.000000
lat: 31.498383, lng: 74.437904, accuracy:5.000000
lat: 31.498335, lng: 74.437940, accuracy:5.000000
lat: 31.498266, lng: 74.437966, accuracy:5.000000
lat: 31.498211, lng: 74.437996, accuracy:5.000000
lat: 31.498163, lng: 74.438030, accuracy:5.000000
lat: 31.498108, lng: 74.438064, accuracy:5.000000
lat: 31.498062, lng: 74.438099, accuracy:5.000000
lat: 31.498004, lng: 74.438128, accuracy:5.000000
lat: 31.497936, lng: 74.438119, accuracy:5.000000
lat: 31.497870, lng: 74.438147, accuracy:5.000000
lat: 31.497816, lng: 74.438166, accuracy:5.000000
lat: 31.497761, lng: 74.438197, accuracy:5.000000
lat: 31.497695, lng: 74.438228, accuracy:5.000000
lat: 31.497635, lng: 74.438240, accuracy:5.000000
lat: 31.497566, lng: 74.438274, accuracy:5.000000
lat: 31.497502, lng: 74.438295, accuracy:5.000000
lat: 31.497414, lng: 74.438312, accuracy:5.000000
lat: 31.497345, lng: 74.438328, accuracy:5.000000
lat: 31.497286, lng: 74.438347, accuracy:5.000000
lat: 31.497201, lng: 74.438366, accuracy:5.000000
lat: 31.497120, lng: 74.438383, accuracy:5.000000
lat: 31.497035, lng: 74.438404, accuracy:5.000000
lat: 31.496944, lng: 74.438431, accuracy:5.000000
lat: 31.496857, lng: 74.438455, accuracy:5.000000
lat: 31.496774, lng: 74.438494, accuracy:5.000000
lat: 31.496685, lng: 74.438519, accuracy:5.000000
lat: 31.496602, lng: 74.438544, accuracy:5.000000
lat: 31.496519, lng: 74.438561, accuracy:5.000000
lat: 31.496441, lng: 74.438581, accuracy:5.000000
lat: 31.496378, lng: 74.438603, accuracy:5.000000
lat: 31.496278, lng: 74.438633, accuracy:5.000000
lat: 31.496209, lng: 74.438657, accuracy:5.000000
lat: 31.496141, lng: 74.438670, accuracy:5.000000
lat: 31.496075, lng: 74.438692, accuracy:5.000000
lat: 31.496016, lng: 74.438719, accuracy:5.000000
lat: 31.495954, lng: 74.438754, accuracy:5.000000
lat: 31.495903, lng: 74.438775, accuracy:5.000000
lat: 31.495847, lng: 74.438816, accuracy:5.000000
lat: 31.495797, lng: 74.438841, accuracy:5.000000
lat: 31.495748, lng: 74.438876, accuracy:5.000000
lat: 31.495703, lng: 74.438914, accuracy:5.000000
lat: 31.495671, lng: 74.438959, accuracy:5.000000
lat: 31.495633, lng: 74.439002, accuracy:5.000000
lat: 31.495597, lng: 74.439048, accuracy:10.000000
lat: 31.495564, lng: 74.439096, accuracy:10.000000
lat: 31.495505, lng: 74.439145, accuracy:10.000000
lat: 31.495470, lng: 74.439201, accuracy:10.000000
lat: 31.495404, lng: 74.439256, accuracy:5.000000
lat: 31.495343, lng: 74.439296, accuracy:5.000000
lat: 31.495263, lng: 74.439358, accuracy:5.000000
lat: 31.495174, lng: 74.439382, accuracy:5.000000
lat: 31.495105, lng: 74.439405, accuracy:5.000000
lat: 31.495029, lng: 74.439422, accuracy:5.000000
lat: 31.494955, lng: 74.439407, accuracy:5.000000
lat: 31.494895, lng: 74.439395, accuracy:5.000000
lat: 31.494814, lng: 74.439386, accuracy:5.000000
lat: 31.494756, lng: 74.439381, accuracy:5.000000
lat: 31.494693, lng: 74.439355, accuracy:5.000000
lat: 31.494652, lng: 74.439331, accuracy:5.000000
lat: 31.494614, lng: 74.439318, accuracy:5.000000
lat: 31.494576, lng: 74.439306, accuracy:5.000000
lat: 31.494542, lng: 74.439284, accuracy:5.000000
lat: 31.494499, lng: 74.439265, accuracy:5.000000
lat: 31.494453, lng: 74.439265, accuracy:5.000000
lat: 31.494407, lng: 74.439262, accuracy:5.000000
lat: 31.494361, lng: 74.439263, accuracy:5.000000
lat: 31.494311, lng: 74.439268, accuracy:5.000000
lat: 31.494243, lng: 74.439273, accuracy:5.000000
lat: 31.494187, lng: 74.439289, accuracy:5.000000
lat: 31.494127, lng: 74.439313, accuracy:5.000000
lat: 31.494074, lng: 74.439310, accuracy:10.000000
lat: 31.493989, lng: 74.439316, accuracy:10.000000
lat: 31.493893, lng: 74.439337, accuracy:5.000000
lat: 31.493795, lng: 74.439351, accuracy:5.000000
lat: 31.493710, lng: 74.439410, accuracy:5.000000
lat: 31.493640, lng: 74.439459, accuracy:5.000000
lat: 31.493553, lng: 74.439493, accuracy:5.000000
lat: 31.493441, lng: 74.439525, accuracy:5.000000
lat: 31.493346, lng: 74.439556, accuracy:5.000000
lat: 31.493240, lng: 74.439587, accuracy:5.000000
lat: 31.493151, lng: 74.439630, accuracy:5.000000
lat: 31.493067, lng: 74.439670, accuracy:5.000000
lat: 31.492972, lng: 74.439705, accuracy:5.000000
lat: 31.492888, lng: 74.439740, accuracy:5.000000
lat: 31.492798, lng: 74.439784, accuracy:5.000000
lat: 31.492706, lng: 74.439824, accuracy:5.000000
lat: 31.492612, lng: 74.439862, accuracy:5.000000
lat: 31.492526, lng: 74.439891, accuracy:5.000000
lat: 31.492435, lng: 74.439932, accuracy:5.000000
lat: 31.492344, lng: 74.439971, accuracy:5.000000
lat: 31.492255, lng: 74.440021, accuracy:5.000000
lat: 31.492162, lng: 74.440074, accuracy:5.000000
lat: 31.492085, lng: 74.440138, accuracy:5.000000
lat: 31.491998, lng: 74.440202, accuracy:5.000000
lat: 31.491921, lng: 74.440261, accuracy:5.000000
lat: 31.491825, lng: 74.440308, accuracy:5.000000
lat: 31.491724, lng: 74.440376, accuracy:5.000000
lat: 31.491643, lng: 74.440440, accuracy:5.000000
lat: 31.491538, lng: 74.440480, accuracy:5.000000
lat: 31.491464, lng: 74.440531, accuracy:5.000000
lat: 31.491366, lng: 74.440587, accuracy:10.000000
lat: 31.491278, lng: 74.440620, accuracy:10.000000
lat: 31.491214, lng: 74.440701, accuracy:10.000000
lat: 31.491126, lng: 74.440764, accuracy:5.000000
lat: 31.491047, lng: 74.440830, accuracy:5.000000
lat: 31.490976, lng: 74.440894, accuracy:5.000000
lat: 31.490879, lng: 74.440967, accuracy:5.000000
lat: 31.490793, lng: 74.441024, accuracy:5.000000
lat: 31.490719, lng: 74.441088, accuracy:5.000000
lat: 31.490649, lng: 74.441143, accuracy:5.000000
lat: 31.490572, lng: 74.441196, accuracy:5.000000
lat: 31.490495, lng: 74.441267, accuracy:5.000000
lat: 31.490424, lng: 74.441331, accuracy:5.000000
lat: 31.490351, lng: 74.441413, accuracy:5.000000
lat: 31.490283, lng: 74.441486, accuracy:5.000000
lat: 31.490221, lng: 74.441560, accuracy:5.000000
lat: 31.490151, lng: 74.441638, accuracy:5.000000
lat: 31.490067, lng: 74.441711, accuracy:5.000000
lat: 31.490009, lng: 74.441790, accuracy:5.000000
lat: 31.489943, lng: 74.441871, accuracy:10.000000
lat: 31.489866, lng: 74.441951, accuracy:10.000000
lat: 31.489801, lng: 74.442015, accuracy:10.000000
lat: 31.489729, lng: 74.442114, accuracy:10.000000
lat: 31.489667, lng: 74.442202, accuracy:10.000000
lat: 31.489598, lng: 74.442287, accuracy:10.000000
lat: 31.489524, lng: 74.442377, accuracy:10.000000
lat: 31.489431, lng: 74.442454, accuracy:10.000000
lat: 31.489351, lng: 74.442539, accuracy:10.000000
lat: 31.489295, lng: 74.442626, accuracy:10.000000
lat: 31.489232, lng: 74.442705, accuracy:10.000000
lat: 31.489176, lng: 74.442782, accuracy:10.000000
lat: 31.489117, lng: 74.442864, accuracy:10.000000
lat: 31.489062, lng: 74.442943, accuracy:10.000000
lat: 31.489004, lng: 74.443030, accuracy:10.000000
lat: 31.488951, lng: 74.443111, accuracy:10.000000
lat: 31.488897, lng: 74.443190, accuracy:10.000000
lat: 31.488838, lng: 74.443277, accuracy:10.000000
lat: 31.488786, lng: 74.443350, accuracy:10.000000
lat: 31.488736, lng: 74.443425, accuracy:10.000000
lat: 31.488679, lng: 74.443495, accuracy:10.000000
lat: 31.488635, lng: 74.443552, accuracy:10.000000
lat: 31.488601, lng: 74.443630, accuracy:10.000000
lat: 31.488574, lng: 74.443711, accuracy:10.000000
lat: 31.488552, lng: 74.443798, accuracy:10.000000
lat: 31.488532, lng: 74.443889, accuracy:10.000000
lat: 31.488524, lng: 74.443981, accuracy:10.000000
lat: 31.488510, lng: 74.444067, accuracy:10.000000
lat: 31.488493, lng: 74.444163, accuracy:10.000000
lat: 31.488471, lng: 74.444266, accuracy:10.000000
lat: 31.488445, lng: 74.444363, accuracy:10.000000
lat: 31.488411, lng: 74.444470, accuracy:10.000000
lat: 31.488364, lng: 74.444560, accuracy:10.000000
lat: 31.488312, lng: 74.444637, accuracy:10.000000
lat: 31.488254, lng: 74.444710, accuracy:10.000000
lat: 31.488174, lng: 74.444777, accuracy:10.000000
lat: 31.488101, lng: 74.444830, accuracy:10.000000
lat: 31.488023, lng: 74.444874, accuracy:10.000000
lat: 31.487939, lng: 74.444910, accuracy:10.000000
lat: 31.487860, lng: 74.444944, accuracy:10.000000
lat: 31.487779, lng: 74.444968, accuracy:10.000000
lat: 31.487711, lng: 74.444989, accuracy:10.000000
lat: 31.487634, lng: 74.445012, accuracy:5.000000
lat: 31.487555, lng: 74.445033, accuracy:5.000000
lat: 31.487489, lng: 74.445064, accuracy:5.000000
lat: 31.487426, lng: 74.445116, accuracy:5.000000
lat: 31.487362, lng: 74.445170, accuracy:5.000000
lat: 31.487321, lng: 74.445244, accuracy:5.000000
lat: 31.487264, lng: 74.445311, accuracy:5.000000
lat: 31.487196, lng: 74.445372, accuracy:5.000000
lat: 31.487139, lng: 74.445440, accuracy:5.000000
lat: 31.487078, lng: 74.445528, accuracy:5.000000
lat: 31.487015, lng: 74.445601, accuracy:5.000000
lat: 31.486956, lng: 74.445670, accuracy:5.000000
lat: 31.486892, lng: 74.445739, accuracy:5.000000
lat: 31.486831, lng: 74.445812, accuracy:5.000000
lat: 31.486769, lng: 74.445887, accuracy:5.000000
lat: 31.486707, lng: 74.445967, accuracy:5.000000
lat: 31.486640, lng: 74.446030, accuracy:5.000000
lat: 31.486566, lng: 74.446105, accuracy:5.000000
lat: 31.486503, lng: 74.446177, accuracy:5.000000
lat: 31.486444, lng: 74.446255, accuracy:5.000000
lat: 31.486377, lng: 74.446336, accuracy:5.000000
lat: 31.486317, lng: 74.446406, accuracy:5.000000
lat: 31.486255, lng: 74.446482, accuracy:5.000000
lat: 31.486203, lng: 74.446548, accuracy:5.000000
lat: 31.486135, lng: 74.446626, accuracy:5.000000
lat: 31.486077, lng: 74.446707, accuracy:5.000000
lat: 31.485999, lng: 74.446793, accuracy:5.000000
lat: 31.485934, lng: 74.446878, accuracy:5.000000
lat: 31.485862, lng: 74.446947, accuracy:5.000000
lat: 31.485789, lng: 74.447029, accuracy:5.000000
lat: 31.485727, lng: 74.447127, accuracy:5.000000
lat: 31.485671, lng: 74.447211, accuracy:5.000000
lat: 31.485601, lng: 74.447296, accuracy:5.000000
lat: 31.485541, lng: 74.447383, accuracy:5.000000
lat: 31.485482, lng: 74.447464, accuracy:5.000000
lat: 31.485418, lng: 74.447553, accuracy:5.000000
lat: 31.485341, lng: 74.447615, accuracy:5.000000
lat: 31.485264, lng: 74.447705, accuracy:5.000000
lat: 31.485201, lng: 74.447782, accuracy:5.000000
lat: 31.485130, lng: 74.447872, accuracy:5.000000
lat: 31.485072, lng: 74.447962, accuracy:5.000000
lat: 31.485012, lng: 74.448052, accuracy:5.000000
lat: 31.484946, lng: 74.448132, accuracy:5.000000
lat: 31.484887, lng: 74.448204, accuracy:5.000000
lat: 31.484824, lng: 74.448292, accuracy:5.000000
lat: 31.484765, lng: 74.448394, accuracy:5.000000
lat: 31.484697, lng: 74.448480, accuracy:5.000000
lat: 31.484625, lng: 74.448576, accuracy:5.000000
lat: 31.484557, lng: 74.448648, accuracy:5.000000
lat: 31.484499, lng: 74.448731, accuracy:5.000000
lat: 31.484429, lng: 74.448810, accuracy:5.000000
lat: 31.484358, lng: 74.448896, accuracy:5.000000
lat: 31.484275, lng: 74.448993, accuracy:5.000000
lat: 31.484206, lng: 74.449074, accuracy:5.000000
lat: 31.484142, lng: 74.449150, accuracy:5.000000
lat: 31.484073, lng: 74.449219, accuracy:5.000000
lat: 31.484003, lng: 74.449306, accuracy:5.000000
lat: 31.483935, lng: 74.449384, accuracy:5.000000
lat: 31.483869, lng: 74.449472, accuracy:5.000000
lat: 31.483804, lng: 74.449564, accuracy:5.000000
lat: 31.483739, lng: 74.449655, accuracy:5.000000
lat: 31.483675, lng: 74.449735, accuracy:10.000000
lat: 31.483602, lng: 74.449820, accuracy:10.000000
lat: 31.483536, lng: 74.449907, accuracy:10.000000
lat: 31.483471, lng: 74.449992, accuracy:10.000000
lat: 31.483393, lng: 74.450075, accuracy:10.000000
lat: 31.483324, lng: 74.450156, accuracy:10.000000
lat: 31.483239, lng: 74.450242, accuracy:10.000000
lat: 31.483158, lng: 74.450328, accuracy:10.000000
lat: 31.483082, lng: 74.450428, accuracy:10.000000
lat: 31.483029, lng: 74.450525, accuracy:10.000000
lat: 31.482976, lng: 74.450622, accuracy:10.000000
lat: 31.482937, lng: 74.450727, accuracy:10.000000
lat: 31.482886, lng: 74.450824, accuracy:10.000000
lat: 31.482834, lng: 74.450921, accuracy:10.000000
lat: 31.482775, lng: 74.451015, accuracy:10.000000
lat: 31.482717, lng: 74.451101, accuracy:10.000000
lat: 31.482658, lng: 74.451218, accuracy:10.000000
lat: 31.482596, lng: 74.451314, accuracy:10.000000
lat: 31.482524, lng: 74.451399, accuracy:10.000000
lat: 31.482451, lng: 74.451483, accuracy:10.000000
lat: 31.482389, lng: 74.451581, accuracy:10.000000
lat: 31.482312, lng: 74.451667, accuracy:10.000000
lat: 31.482250, lng: 74.451761, accuracy:10.000000
lat: 31.482180, lng: 74.451833, accuracy:10.000000
lat: 31.482110, lng: 74.451906, accuracy:10.000000
lat: 31.482048, lng: 74.451980, accuracy:10.000000
lat: 31.481987, lng: 74.452058, accuracy:10.000000
lat: 31.481936, lng: 74.452133, accuracy:10.000000
lat: 31.481870, lng: 74.452203, accuracy:10.000000
lat: 31.481812, lng: 74.452269, accuracy:10.000000
lat: 31.481763, lng: 74.452332, accuracy:10.000000
lat: 31.481717, lng: 74.452390, accuracy:10.000000
lat: 31.481672, lng: 74.452446, accuracy:10.000000
lat: 31.481630, lng: 74.452497, accuracy:10.000000
lat: 31.481585, lng: 74.452553, accuracy:10.000000
lat: 31.481563, lng: 74.452608, accuracy:10.000000
lat: 31.481539, lng: 74.452670, accuracy:10.000000
lat: 31.481523, lng: 74.452710, accuracy:10.000000
lat: 31.481514, lng: 74.452768, accuracy:10.000000
lat: 31.481513, lng: 74.452834, accuracy:10.000000
lat: 31.481512, lng: 74.452915, accuracy:10.000000
lat: 31.481521, lng: 74.452985, accuracy:10.000000
lat: 31.481550, lng: 74.453058, accuracy:10.000000
lat: 31.481576, lng: 74.453122, accuracy:10.000000
lat: 31.481620, lng: 74.453198, accuracy:10.000000
lat: 31.481666, lng: 74.453272, accuracy:10.000000
lat: 31.481714, lng: 74.453340, accuracy:10.000000
lat: 31.481768, lng: 74.453409, accuracy:10.000000
lat: 31.481820, lng: 74.453479, accuracy:10.000000
lat: 31.481878, lng: 74.453552, accuracy:10.000000
lat: 31.481930, lng: 74.453624, accuracy:10.000000
lat: 31.481973, lng: 74.453697, accuracy:10.000000
lat: 31.482035, lng: 74.453765, accuracy:10.000000
lat: 31.482091, lng: 74.453845, accuracy:10.000000
lat: 31.482156, lng: 74.453918, accuracy:10.000000
lat: 31.482212, lng: 74.453992, accuracy:10.000000
lat: 31.482275, lng: 74.454074, accuracy:10.000000
lat: 31.482337, lng: 74.454170, accuracy:10.000000
lat: 31.482406, lng: 74.454243, accuracy:5.000000
lat: 31.482478, lng: 74.454318, accuracy:5.000000
lat: 31.482548, lng: 74.454398, accuracy:5.000000
lat: 31.482606, lng: 74.454476, accuracy:5.000000
lat: 31.482669, lng: 74.454556, accuracy:5.000000
lat: 31.482736, lng: 74.454630, accuracy:5.000000
lat: 31.482801, lng: 74.454719, accuracy:5.000000
lat: 31.482867, lng: 74.454806, accuracy:5.000000
lat: 31.482923, lng: 74.454879, accuracy:5.000000
lat: 31.482979, lng: 74.454957, accuracy:5.000000
lat: 31.483042, lng: 74.455035, accuracy:5.000000
lat: 31.483105, lng: 74.455116, accuracy:5.000000
lat: 31.483170, lng: 74.455200, accuracy:5.000000
lat: 31.483235, lng: 74.455285, accuracy:5.000000
lat: 31.483295, lng: 74.455371, accuracy:5.000000
lat: 31.483356, lng: 74.455455, accuracy:5.000000
lat: 31.483415, lng: 74.455534, accuracy:5.000000
lat: 31.483477, lng: 74.455611, accuracy:5.000000
lat: 31.483543, lng: 74.455694, accuracy:5.000000
lat: 31.483599, lng: 74.455775, accuracy:5.000000
lat: 31.483680, lng: 74.455865, accuracy:5.000000
lat: 31.483759, lng: 74.455954, accuracy:5.000000
lat: 31.483825, lng: 74.456045, accuracy:5.000000
lat: 31.483891, lng: 74.456129, accuracy:5.000000
lat: 31.483947, lng: 74.456215, accuracy:5.000000
lat: 31.484016, lng: 74.456298, accuracy:5.000000
lat: 31.484156, lng: 74.456578, accuracy:5.000000
lat: 31.484233, lng: 74.456658, accuracy:5.000000
lat: 31.484277, lng: 74.456695, accuracy:5.000000
lat: 31.484337, lng: 74.456787, accuracy:5.000000
lat: 31.484413, lng: 74.456871, accuracy:5.000000
lat: 31.484467, lng: 74.456942, accuracy:5.000000
lat: 31.484528, lng: 74.457014, accuracy:5.000000
lat: 31.484587, lng: 74.457087, accuracy:5.000000
lat: 31.484664, lng: 74.457202, accuracy:5.000000
lat: 31.484722, lng: 74.457271, accuracy:5.000000
lat: 31.484777, lng: 74.457340, accuracy:5.000000
lat: 31.484836, lng: 74.457422, accuracy:5.000000
lat: 31.484903, lng: 74.457509, accuracy:5.000000
lat: 31.484953, lng: 74.457592, accuracy:5.000000
lat: 31.485011, lng: 74.457679, accuracy:5.000000
lat: 31.485073, lng: 74.457756, accuracy:5.000000
lat: 31.485139, lng: 74.457844, accuracy:5.000000
lat: 31.485216, lng: 74.457933, accuracy:5.000000
lat: 31.485293, lng: 74.458030, accuracy:5.000000
lat: 31.485348, lng: 74.458111, accuracy:5.000000
lat: 31.485412, lng: 74.458182, accuracy:5.000000
lat: 31.485476, lng: 74.458269, accuracy:5.000000
lat: 31.485554, lng: 74.458377, accuracy:5.000000
lat: 31.485612, lng: 74.458480, accuracy:5.000000
lat: 31.485679, lng: 74.458563, accuracy:5.000000
lat: 31.485727, lng: 74.458623, accuracy:5.000000
lat: 31.485790, lng: 74.458716, accuracy:5.000000
lat: 31.485855, lng: 74.458790, accuracy:5.000000
lat: 31.485926, lng: 74.458869, accuracy:5.000000
lat: 31.485990, lng: 74.458953, accuracy:5.000000
lat: 31.486040, lng: 74.459038, accuracy:5.000000
lat: 31.486113, lng: 74.459115, accuracy:5.000000
lat: 31.486171, lng: 74.459206, accuracy:5.000000
lat: 31.486247, lng: 74.459296, accuracy:10.000000
lat: 31.486324, lng: 74.459395, accuracy:10.000000
lat: 31.486377, lng: 74.459527, accuracy:10.000000
lat: 31.486431, lng: 74.459612, accuracy:10.000000
lat: 31.486502, lng: 74.459733, accuracy:10.000000
lat: 31.486558, lng: 74.459798, accuracy:10.000000
lat: 31.486627, lng: 74.459855, accuracy:10.000000
lat: 31.486692, lng: 74.459946, accuracy:10.000000
lat: 31.486761, lng: 74.460019, accuracy:10.000000
lat: 31.486819, lng: 74.460149, accuracy:5.000000
lat: 31.486879, lng: 74.460244, accuracy:5.000000
lat: 31.486963, lng: 74.460330, accuracy:5.000000
lat: 31.487016, lng: 74.460407, accuracy:5.000000
lat: 31.487090, lng: 74.460498, accuracy:5.000000
lat: 31.487151, lng: 74.460591, accuracy:5.000000
lat: 31.487207, lng: 74.460685, accuracy:5.000000
lat: 31.487269, lng: 74.460772, accuracy:5.000000
lat: 31.487331, lng: 74.460860, accuracy:5.000000
lat: 31.487399, lng: 74.460945, accuracy:5.000000
lat: 31.487482, lng: 74.461029, accuracy:5.000000
lat: 31.487535, lng: 74.461099, accuracy:5.000000
lat: 31.487610, lng: 74.461195, accuracy:5.000000
lat: 31.487675, lng: 74.461271, accuracy:10.000000
lat: 31.487728, lng: 74.461364, accuracy:10.000000
lat: 31.487779, lng: 74.461430, accuracy:5.000000
lat: 31.487854, lng: 74.461512, accuracy:5.000000
lat: 31.487896, lng: 74.461594, accuracy:5.000000
lat: 31.487954, lng: 74.461681, accuracy:5.000000
lat: 31.488030, lng: 74.461781, accuracy:5.000000
lat: 31.488090, lng: 74.461874, accuracy:5.000000
lat: 31.488156, lng: 74.461957, accuracy:5.000000
lat: 31.488206, lng: 74.462031, accuracy:5.000000
lat: 31.488269, lng: 74.462107, accuracy:5.000000
lat: 31.488339, lng: 74.462208, accuracy:5.000000
lat: 31.488406, lng: 74.462274, accuracy:10.000000
lat: 31.488471, lng: 74.462355, accuracy:10.000000
lat: 31.488541, lng: 74.462435, accuracy:10.000000
lat: 31.488622, lng: 74.462537, accuracy:10.000000
lat: 31.488704, lng: 74.462624, accuracy:10.000000
lat: 31.488775, lng: 74.462725, accuracy:10.000000
lat: 31.488831, lng: 74.462789, accuracy:10.000000
lat: 31.488903, lng: 74.462885, accuracy:10.000000
lat: 31.488955, lng: 74.462975, accuracy:10.000000
lat: 31.489018, lng: 74.463067, accuracy:10.000000
lat: 31.489097, lng: 74.463167, accuracy:10.000000
lat: 31.489150, lng: 74.463254, accuracy:10.000000
lat: 31.489204, lng: 74.463313, accuracy:10.000000
lat: 31.489249, lng: 74.463418, accuracy:10.000000
lat: 31.489311, lng: 74.463502, accuracy:10.000000
lat: 31.489341, lng: 74.463611, accuracy:30.000000
lat: 31.489404, lng: 74.463688, accuracy:30.000000
lat: 31.489477, lng: 74.463787, accuracy:30.000000
lat: 31.489494, lng: 74.463851, accuracy:30.000000
lat: 31.489571, lng: 74.463940, accuracy:30.000000
lat: 31.489584, lng: 74.463908, accuracy:30.000000
lat: 31.489529, lng: 74.463814, accuracy:10.000000
lat: 31.489513, lng: 74.463793, accuracy:10.000000
lat: 31.489506, lng: 74.463809, accuracy:10.000000
lat: 31.489496, lng: 74.463795, accuracy:10.000000
lat: 31.489501, lng: 74.463793, accuracy:10.000000
lat: 31.489501, lng: 74.463793, accuracy:10.000000
lat: 31.489501, lng: 74.463793, accuracy:10.000000
lat: 31.489501, lng: 74.463793, accuracy:10.000000
lat: 31.489527, lng: 74.463830, accuracy:10.000000
lat: 31.489521, lng: 74.463839, accuracy:10.000000
lat: 31.489522, lng: 74.463841, accuracy:10.000000
lat: 31.489524, lng: 74.463835, accuracy:10.000000
lat: 31.489499, lng: 74.463891, accuracy:10.000000
lat: 31.489492, lng: 74.463896, accuracy:10.000000
lat: 31.489484, lng: 74.463917, accuracy:10.000000
lat: 31.489471, lng: 74.463937, accuracy:10.000000
lat: 31.489454, lng: 74.463952, accuracy:10.000000
lat: 31.489433, lng: 74.463962, accuracy:10.000000
lat: 31.489408, lng: 74.463972, accuracy:30.000000
lat: 31.489378, lng: 74.463982, accuracy:30.000000
lat: 31.489336, lng: 74.463992, accuracy:30.000000
lat: 31.489289, lng: 74.464002, accuracy:30.000000
lat: 31.489096, lng: 74.463867, accuracy:10.000000
lat: 31.489020, lng: 74.463832, accuracy:10.000000
lat: 31.488965, lng: 74.463831, accuracy:10.000000
lat: 31.488908, lng: 74.463810, accuracy:10.000000
lat: 31.488822, lng: 74.463828, accuracy:10.000000
lat: 31.488764, lng: 74.463830, accuracy:10.000000
lat: 31.488719, lng: 74.463873, accuracy:10.000000
lat: 31.488670, lng: 74.463884, accuracy:10.000000
lat: 31.488605, lng: 74.463852, accuracy:10.000000
lat: 31.488548, lng: 74.463838, accuracy:10.000000
lat: 31.488469, lng: 74.463828, accuracy:10.000000
lat: 31.488361, lng: 74.463795, accuracy:10.000000
lat: 31.488321, lng: 74.463777, accuracy:10.000000
lat: 31.488263, lng: 74.463750, accuracy:10.000000
lat: 31.488136, lng: 74.463739, accuracy:10.000000
lat: 31.488025, lng: 74.463729, accuracy:10.000000
lat: 31.487995, lng: 74.463750, accuracy:10.000000
lat: 31.487914, lng: 74.463732, accuracy:10.000000
lat: 31.487888, lng: 74.463746, accuracy:10.000000
lat: 31.487819, lng: 74.463737, accuracy:10.000000
lat: 31.487773, lng: 74.463743, accuracy:10.000000
lat: 31.487713, lng: 74.463754, accuracy:10.000000
lat: 31.487617, lng: 74.463770, accuracy:10.000000
lat: 31.487525, lng: 74.463786, accuracy:10.000000
lat: 31.487478, lng: 74.463727, accuracy:10.000000
lat: 31.487359, lng: 74.463733, accuracy:10.000000
lat: 31.487320, lng: 74.463767, accuracy:10.000000
lat: 31.487308, lng: 74.463785, accuracy:10.000000
lat: 31.487265, lng: 74.463782, accuracy:10.000000
lat: 31.487227, lng: 74.463779, accuracy:10.000000
lat: 31.487199, lng: 74.463776, accuracy:10.000000
lat: 31.487174, lng: 74.463770, accuracy:10.000000
lat: 31.487165, lng: 74.463794, accuracy:10.000000
lat: 31.487168, lng: 74.463805, accuracy:10.000000
lat: 31.487167, lng: 74.463834, accuracy:10.000000
lat: 31.487163, lng: 74.463864, accuracy:10.000000
lat: 31.487166, lng: 74.463895, accuracy:10.000000
lat: 31.487163, lng: 74.463942, accuracy:10.000000
lat: 31.487165, lng: 74.464010, accuracy:10.000000
lat: 31.487152, lng: 74.464093, accuracy:10.000000
lat: 31.487143, lng: 74.464170, accuracy:10.000000
lat: 31.487150, lng: 74.464241, accuracy:10.000000
lat: 31.487152, lng: 74.464312, accuracy:10.000000
lat: 31.487151, lng: 74.464392, accuracy:10.000000
lat: 31.487157, lng: 74.464481, accuracy:10.000000
lat: 31.487160, lng: 74.464578, accuracy:10.000000
lat: 31.487152, lng: 74.464674, accuracy:10.000000
lat: 31.487140, lng: 74.464767, accuracy:10.000000
lat: 31.487134, lng: 74.464850, accuracy:10.000000
lat: 31.487120, lng: 74.464945, accuracy:10.000000
lat: 31.487109, lng: 74.465033, accuracy:10.000000
lat: 31.487098, lng: 74.465132, accuracy:10.000000
lat: 31.487092, lng: 74.465224, accuracy:10.000000
lat: 31.487081, lng: 74.465317, accuracy:10.000000
lat: 31.487073, lng: 74.465409, accuracy:10.000000
lat: 31.487067, lng: 74.465514, accuracy:10.000000
lat: 31.487061, lng: 74.465624, accuracy:10.000000
lat: 31.487057, lng: 74.465714, accuracy:10.000000
lat: 31.487051, lng: 74.465814, accuracy:10.000000
lat: 31.487046, lng: 74.465916, accuracy:10.000000
lat: 31.487042, lng: 74.466005, accuracy:10.000000
lat: 31.487037, lng: 74.466086, accuracy:10.000000
lat: 31.487024, lng: 74.466189, accuracy:10.000000
lat: 31.487017, lng: 74.466275, accuracy:10.000000
lat: 31.487009, lng: 74.466370, accuracy:10.000000
lat: 31.487000, lng: 74.466459, accuracy:10.000000
lat: 31.486989, lng: 74.466546, accuracy:10.000000
lat: 31.486992, lng: 74.466664, accuracy:10.000000
lat: 31.486982, lng: 74.466762, accuracy:10.000000
lat: 31.486977, lng: 74.466861, accuracy:10.000000
lat: 31.486981, lng: 74.466969, accuracy:10.000000
lat: 31.486969, lng: 74.467067, accuracy:10.000000
lat: 31.486963, lng: 74.467165, accuracy:10.000000
lat: 31.486949, lng: 74.467270, accuracy:10.000000
lat: 31.486944, lng: 74.467374, accuracy:10.000000
lat: 31.486937, lng: 74.467482, accuracy:10.000000
lat: 31.486926, lng: 74.467576, accuracy:10.000000
lat: 31.486914, lng: 74.467668, accuracy:10.000000
lat: 31.486907, lng: 74.467754, accuracy:10.000000
lat: 31.486903, lng: 74.467863, accuracy:10.000000
lat: 31.486908, lng: 74.467975, accuracy:10.000000
lat: 31.486903, lng: 74.468080, accuracy:10.000000
lat: 31.486898, lng: 74.468186, accuracy:10.000000
lat: 31.486882, lng: 74.468271, accuracy:10.000000