lat: 24.932923, lng: 67.094976, accuracy:10.000000
lat: 24.932966, lng: 67.095035, accuracy:10.000000
lat: 24.933012, lng: 67.095078, accuracy:10.000000
lat: 24.933047, lng: 67.095136, accuracy:10.000000
lat: 24.933090, lng: 67.095193, accuracy:10.000000
lat: 24.933132, lng: 67.095244, accuracy:10.000000
lat: 24.933168, lng: 67.095285, accuracy:10.000000
lat: 24.933210, lng: 67.095323, accuracy:10.000000
lat: 24.933221, lng: 67.095336, accuracy:10.000000
lat: 24.933235, lng: 67.095347, accuracy:10.000000
lat: 24.933256, lng: 67.095365, accuracy:10.000000
lat: 24.933273, lng: 67.095396, accuracy:10.000000
lat: 24.933294, lng: 67.095422, accuracy:10.000000
lat: 24.933322, lng: 67.095463, accuracy:10.000000
lat: 24.933344, lng: 67.095495, accuracy:10.000000
lat: 24.933359, lng: 67.095518, accuracy:10.000000
lat: 24.933376, lng: 67.095544, accuracy:10.000000
lat: 24.933396, lng: 67.095577, accuracy:10.000000
lat: 24.933418, lng: 67.095610, accuracy:10.000000
lat: 24.933441, lng: 67.095641, accuracy:10.000000
lat: 24.933464, lng: 67.095673, accuracy:10.000000
lat: 24.933489, lng: 67.095714, accuracy:10.000000
lat: 24.933513, lng: 67.095757, accuracy:10.000000
lat: 24.933542, lng: 67.095791, accuracy:10.000000
lat: 24.933569, lng: 67.095813, accuracy:10.000000
lat: 24.933589, lng: 67.095832, accuracy:10.000000
lat: 24.933596, lng: 67.095844, accuracy:10.000000
lat: 24.933597, lng: 67.095844, accuracy:10.000000
lat: 24.933599, lng: 67.095845, accuracy:10.000000
lat: 24.933599, lng: 67.095847, accuracy:10.000000
lat: 24.933599, lng: 67.095847, accuracy:10.000000
lat: 24.933599, lng: 67.095847, accuracy:10.000000
lat: 24.933599, lng: 67.095847, accuracy:10.000000
lat: 24.933595, lng: 67.095856, accuracy:10.000000
lat: 24.933595, lng: 67.095857, accuracy:10.000000
lat: 24.933595, lng: 67.095857, accuracy:10.000000
lat: 24.933595, lng: 67.095857, accuracy:10.000000
lat: 24.933595, lng: 67.095857, accuracy:10.000000
lat: 24.933595, lng: 67.095857, accuracy:10.000000
lat: 24.933595, lng: 67.095857, accuracy:10.000000
lat: 24.933595, lng: 67.095857, accuracy:10.000000
lat: 24.933609, lng: 67.095860, accuracy:10.000000
lat: 24.933609, lng: 67.095860, accuracy:10.000000
lat: 24.933609, lng: 67.095860, accuracy:10.000000
lat: 24.933614, lng: 67.095863, accuracy:10.000000
lat: 24.933614, lng: 67.095862, accuracy:10.000000
lat: 24.933613, lng: 67.095862, accuracy:10.000000
lat: 24.933612, lng: 67.095865, accuracy:10.000000
lat: 24.933610, lng: 67.095868, accuracy:10.000000
lat: 24.933606, lng: 67.095876, accuracy:10.000000
lat: 24.933595, lng: 67.095888, accuracy:10.000000
lat: 24.933582, lng: 67.095892, accuracy:10.000000
lat: 24.933568, lng: 67.095892, accuracy:10.000000
lat: 24.933554, lng: 67.095880, accuracy:10.000000
lat: 24.933542, lng: 67.095856, accuracy:10.000000
lat: 24.933531, lng: 67.095831, accuracy:10.000000
lat: 24.933520, lng: 67.095805, accuracy:10.000000
lat: 24.933502, lng: 67.095774, accuracy:10.000000
lat: 24.933482, lng: 67.095746, accuracy:10.000000
lat: 24.933468, lng: 67.095726, accuracy:10.000000
lat: 24.933460, lng: 67.095713, accuracy:10.000000
lat: 24.933445, lng: 67.095695, accuracy:10.000000
lat: 24.933433, lng: 67.095685, accuracy:10.000000
lat: 24.933422, lng: 67.095672, accuracy:10.000000
lat: 24.933421, lng: 67.095668, accuracy:10.000000
lat: 24.933423, lng: 67.095668, accuracy:10.000000
lat: 24.933422, lng: 67.095662, accuracy:10.000000
lat: 24.933421, lng: 67.095648, accuracy:10.000000
lat: 24.933428, lng: 67.095635, accuracy:10.000000
lat: 24.933434, lng: 67.095623, accuracy:10.000000
lat: 24.933439, lng: 67.095614, accuracy:10.000000
lat: 24.933444, lng: 67.095605, accuracy:10.000000
lat: 24.933454, lng: 67.095591, accuracy:10.000000
lat: 24.933470, lng: 67.095573, accuracy:10.000000
lat: 24.933495, lng: 67.095545, accuracy:10.000000
lat: 24.933540, lng: 67.095484, accuracy:10.000000
lat: 24.933573, lng: 67.095456, accuracy:10.000000
lat: 24.933609, lng: 67.095403, accuracy:10.000000
lat: 24.933657, lng: 67.095365, accuracy:10.000000
lat: 24.933700, lng: 67.095325, accuracy:10.000000
lat: 24.933727, lng: 67.095294, accuracy:10.000000
lat: 24.933770, lng: 67.095260, accuracy:10.000000
lat: 24.933805, lng: 67.095220, accuracy:10.000000
lat: 24.933845, lng: 67.095183, accuracy:10.000000
lat: 24.933876, lng: 67.095156, accuracy:10.000000
lat: 24.933901, lng: 67.095134, accuracy:10.000000
lat: 24.933920, lng: 67.095112, accuracy:10.000000
lat: 24.933948, lng: 67.095088, accuracy:10.000000
lat: 24.933977, lng: 67.095061, accuracy:10.000000
lat: 24.934018, lng: 67.095026, accuracy:10.000000
lat: 24.934061, lng: 67.094983, accuracy:10.000000
lat: 24.934110, lng: 67.094936, accuracy:10.000000
lat: 24.934154, lng: 67.094890, accuracy:10.000000
lat: 24.934212, lng: 67.094840, accuracy:10.000000
lat: 24.934263, lng: 67.094780, accuracy:10.000000
lat: 24.934320, lng: 67.094722, accuracy:10.000000
lat: 24.934385, lng: 67.094655, accuracy:10.000000
lat: 24.934439, lng: 67.094604, accuracy:10.000000
lat: 24.934492, lng: 67.094554, accuracy:10.000000
lat: 24.934552, lng: 67.094503, accuracy:10.000000
lat: 24.934600, lng: 67.094465, accuracy:10.000000
lat: 24.934629, lng: 67.094441, accuracy:10.000000
lat: 24.934662, lng: 67.094413, accuracy:10.000000
lat: 24.934693, lng: 67.094384, accuracy:10.000000
lat: 24.934736, lng: 67.094346, accuracy:10.000000
lat: 24.934787, lng: 67.094300, accuracy:10.000000
lat: 24.934843, lng: 67.094256, accuracy:10.000000
lat: 24.934896, lng: 67.094217, accuracy:10.000000
lat: 24.934940, lng: 67.094173, accuracy:10.000000
lat: 24.934991, lng: 67.094128, accuracy:10.000000
lat: 24.935037, lng: 67.094088, accuracy:10.000000
lat: 24.935069, lng: 67.094058, accuracy:10.000000
lat: 24.935101, lng: 67.094027, accuracy:10.000000
lat: 24.935132, lng: 67.093993, accuracy:10.000000
lat: 24.935160, lng: 67.093966, accuracy:10.000000
lat: 24.935199, lng: 67.093926, accuracy:10.000000
lat: 24.935242, lng: 67.093889, accuracy:10.000000
lat: 24.935277, lng: 67.093857, accuracy:10.000000
lat: 24.935295, lng: 67.093829, accuracy:10.000000
lat: 24.935324, lng: 67.093807, accuracy:10.000000
lat: 24.935349, lng: 67.093783, accuracy:10.000000
lat: 24.935377, lng: 67.093757, accuracy:10.000000
lat: 24.935405, lng: 67.093730, accuracy:10.000000
lat: 24.935430, lng: 67.093709, accuracy:10.000000
lat: 24.935456, lng: 67.093686, accuracy:10.000000
lat: 24.935487, lng: 67.093661, accuracy:10.000000
lat: 24.935522, lng: 67.093633, accuracy:10.000000
lat: 24.935556, lng: 67.093607, accuracy:10.000000
lat: 24.935589, lng: 67.093578, accuracy:10.000000
lat: 24.935617, lng: 67.093550, accuracy:10.000000
lat: 24.935645, lng: 67.093520, accuracy:10.000000
lat: 24.935671, lng: 67.093492, accuracy:10.000000
lat: 24.935692, lng: 67.093468, accuracy:10.000000
lat: 24.935707, lng: 67.093447, accuracy:10.000000
lat: 24.935720, lng: 67.093430, accuracy:10.000000
lat: 24.935741, lng: 67.093405, accuracy:10.000000
lat: 24.935766, lng: 67.093378, accuracy:10.000000
lat: 24.935791, lng: 67.093352, accuracy:10.000000
lat: 24.935824, lng: 67.093316, accuracy:10.000000
lat: 24.935856, lng: 67.093288, accuracy:10.000000
lat: 24.935889, lng: 67.093261, accuracy:10.000000
lat: 24.935916, lng: 67.093234, accuracy:10.000000
lat: 24.935939, lng: 67.093197, accuracy:10.000000
lat: 24.935955, lng: 67.093161, accuracy:10.000000
lat: 24.935965, lng: 67.093132, accuracy:10.000000
lat: 24.935986, lng: 67.093104, accuracy:10.000000
lat: 24.936020, lng: 67.093079, accuracy:10.000000
lat: 24.936051, lng: 67.093057, accuracy:10.000000
lat: 24.936079, lng: 67.093035, accuracy:10.000000
lat: 24.936105, lng: 67.093016, accuracy:10.000000
lat: 24.936134, lng: 67.092994, accuracy:10.000000
lat: 24.936167, lng: 67.092970, accuracy:10.000000
lat: 24.936198, lng: 67.092946, accuracy:10.000000
lat: 24.936227, lng: 67.092922, accuracy:10.000000
lat: 24.936241, lng: 67.092905, accuracy:10.000000
lat: 24.936256, lng: 67.092890, accuracy:10.000000
lat: 24.936278, lng: 67.092867, accuracy:10.000000
lat: 24.936300, lng: 67.092842, accuracy:10.000000
lat: 24.936318, lng: 67.092822, accuracy:10.000000
lat: 24.936354, lng: 67.092786, accuracy:10.000000
lat: 24.936384, lng: 67.092755, accuracy:10.000000
lat: 24.936412, lng: 67.092730, accuracy:10.000000
lat: 24.936427, lng: 67.092722, accuracy:10.000000
lat: 24.936452, lng: 67.092704, accuracy:10.000000
lat: 24.936482, lng: 67.092683, accuracy:10.000000
lat: 24.936520, lng: 67.092654, accuracy:10.000000
lat: 24.936556, lng: 67.092626, accuracy:10.000000
lat: 24.936588, lng: 67.092603, accuracy:10.000000
lat: 24.936618, lng: 67.092585, accuracy:10.000000
lat: 24.936644, lng: 67.092565, accuracy:10.000000
lat: 24.936671, lng: 67.092553, accuracy:10.000000
lat: 24.936693, lng: 67.092544, accuracy:10.000000
lat: 24.936716, lng: 67.092531, accuracy:10.000000
lat: 24.936742, lng: 67.092516, accuracy:10.000000
lat: 24.936774, lng: 67.092488, accuracy:10.000000
lat: 24.936804, lng: 67.092463, accuracy:10.000000
lat: 24.936832, lng: 67.092437, accuracy:10.000000
lat: 24.936860, lng: 67.092414, accuracy:10.000000
lat: 24.936886, lng: 67.092391, accuracy:10.000000
lat: 24.936912, lng: 67.092364, accuracy:10.000000
lat: 24.936936, lng: 67.092334, accuracy:10.000000
lat: 24.936953, lng: 67.092317, accuracy:10.000000
lat: 24.936970, lng: 67.092304, accuracy:10.000000
lat: 24.936990, lng: 67.092289, accuracy:10.000000
lat: 24.937008, lng: 67.092273, accuracy:10.000000
lat: 24.937030, lng: 67.092259, accuracy:10.000000
lat: 24.937042, lng: 67.092249, accuracy:10.000000
lat: 24.937057, lng: 67.092239, accuracy:10.000000
lat: 24.937070, lng: 67.092228, accuracy:10.000000
lat: 24.937080, lng: 67.092216, accuracy:10.000000
lat: 24.937086, lng: 67.092205, accuracy:10.000000
lat: 24.937093, lng: 67.092196, accuracy:10.000000
lat: 24.937103, lng: 67.092189, accuracy:10.000000
lat: 24.937118, lng: 67.092179, accuracy:10.000000
lat: 24.937134, lng: 67.092170, accuracy:10.000000
lat: 24.937151, lng: 67.092159, accuracy:10.000000
lat: 24.937174, lng: 67.092144, accuracy:10.000000
lat: 24.937200, lng: 67.092126, accuracy:10.000000
lat: 24.937225, lng: 67.092108, accuracy:10.000000
lat: 24.937259, lng: 67.092087, accuracy:10.000000
lat: 24.937296, lng: 67.092065, accuracy:10.000000
lat: 24.937328, lng: 67.092042, accuracy:10.000000
lat: 24.937358, lng: 67.092024, accuracy:10.000000
lat: 24.937379, lng: 67.092012, accuracy:10.000000
lat: 24.937399, lng: 67.091997, accuracy:10.000000
lat: 24.937416, lng: 67.091982, accuracy:10.000000
lat: 24.937432, lng: 67.091969, accuracy:10.000000
lat: 24.937450, lng: 67.091957, accuracy:10.000000
lat: 24.937479, lng: 67.091950, accuracy:10.000000
lat: 24.937492, lng: 67.091945, accuracy:10.000000
lat: 24.937502, lng: 67.091945, accuracy:10.000000
lat: 24.937517, lng: 67.091957, accuracy:10.000000
lat: 24.937535, lng: 67.091979, accuracy:10.000000
lat: 24.937556, lng: 67.092006, accuracy:10.000000
lat: 24.937575, lng: 67.092033, accuracy:10.000000
lat: 24.937608, lng: 67.092078, accuracy:10.000000
lat: 24.937646, lng: 67.092112, accuracy:10.000000
lat: 24.937674, lng: 67.092147, accuracy:10.000000
lat: 24.937701, lng: 67.092179, accuracy:10.000000
lat: 24.937732, lng: 67.092198, accuracy:10.000000
lat: 24.937761, lng: 67.092220, accuracy:10.000000
lat: 24.937781, lng: 67.092260, accuracy:10.000000
lat: 24.937803, lng: 67.092308, accuracy:10.000000
lat: 24.937834, lng: 67.092390, accuracy:10.000000
lat: 24.937849, lng: 67.092413, accuracy:10.000000
lat: 24.937866, lng: 67.092424, accuracy:10.000000
lat: 24.937884, lng: 67.092438, accuracy:10.000000
lat: 24.937903, lng: 67.092461, accuracy:10.000000
lat: 24.937915, lng: 67.092490, accuracy:10.000000
lat: 24.937935, lng: 67.092514, accuracy:10.000000
lat: 24.937957, lng: 67.092543, accuracy:10.000000
lat: 24.937977, lng: 67.092567, accuracy:10.000000
lat: 24.937991, lng: 67.092583, accuracy:10.000000
lat: 24.938008, lng: 67.092601, accuracy:10.000000
lat: 24.938027, lng: 67.092622, accuracy:10.000000
lat: 24.938048, lng: 67.092646, accuracy:10.000000
lat: 24.938069, lng: 67.092671, accuracy:10.000000
lat: 24.938094, lng: 67.092695, accuracy:10.000000
lat: 24.938119, lng: 67.092720, accuracy:10.000000
lat: 24.938144, lng: 67.092747, accuracy:10.000000
lat: 24.938166, lng: 67.092769, accuracy:10.000000
lat: 24.938188, lng: 67.092793, accuracy:10.000000
lat: 24.938209, lng: 67.092809, accuracy:10.000000
lat: 24.938228, lng: 67.092830, accuracy:10.000000
lat: 24.938248, lng: 67.092847, accuracy:10.000000
lat: 24.938276, lng: 67.092870, accuracy:10.000000
lat: 24.938307, lng: 67.092894, accuracy:10.000000
lat: 24.938337, lng: 67.092916, accuracy:10.000000
lat: 24.938361, lng: 67.092947, accuracy:10.000000
lat: 24.938384, lng: 67.092982, accuracy:10.000000
lat: 24.938411, lng: 67.093013, accuracy:10.000000
lat: 24.938436, lng: 67.093040, accuracy:10.000000
lat: 24.938458, lng: 67.093052, accuracy:10.000000
lat: 24.938477, lng: 67.093072, accuracy:10.000000
lat: 24.938496, lng: 67.093101, accuracy:10.000000
lat: 24.938512, lng: 67.093137, accuracy:10.000000
lat: 24.938528, lng: 67.093170, accuracy:10.000000
lat: 24.938544, lng: 67.093201, accuracy:10.000000
lat: 24.938556, lng: 67.093231, accuracy:10.000000
lat: 24.938572, lng: 67.093267, accuracy:10.000000
lat: 24.938590, lng: 67.093307, accuracy:10.000000
lat: 24.938609, lng: 67.093345, accuracy:10.000000
lat: 24.938628, lng: 67.093380, accuracy:10.000000
lat: 24.938646, lng: 67.093416, accuracy:10.000000
lat: 24.938659, lng: 67.093453, accuracy:10.000000
lat: 24.938672, lng: 67.093491, accuracy:10.000000
lat: 24.938691, lng: 67.093529, accuracy:10.000000
lat: 24.938718, lng: 67.093573, accuracy:10.000000
lat: 24.938746, lng: 67.093620, accuracy:10.000000
lat: 24.938784, lng: 67.093688, accuracy:10.000000
lat: 24.938823, lng: 67.093755, accuracy:10.000000
lat: 24.938849, lng: 67.093800, accuracy:10.000000
lat: 24.938862, lng: 67.093834, accuracy:10.000000
lat: 24.938874, lng: 67.093854, accuracy:10.000000
lat: 24.938901, lng: 67.093873, accuracy:10.000000
lat: 24.938934, lng: 67.093890, accuracy:10.000000
lat: 24.938964, lng: 67.093901, accuracy:10.000000
lat: 24.938994, lng: 67.093920, accuracy:10.000000
lat: 24.939032, lng: 67.093938, accuracy:10.000000
lat: 24.939071, lng: 67.093954, accuracy:10.000000
lat: 24.939103, lng: 67.093981, accuracy:10.000000
lat: 24.939131, lng: 67.094018, accuracy:10.000000
lat: 24.939159, lng: 67.094057, accuracy:10.000000
lat: 24.939180, lng: 67.094100, accuracy:10.000000
lat: 24.939197, lng: 67.094165, accuracy:10.000000
lat: 24.939219, lng: 67.094208, accuracy:10.000000
lat: 24.939257, lng: 67.094278, accuracy:10.000000
lat: 24.939256, lng: 67.094332, accuracy:10.000000
lat: 24.939283, lng: 67.094386, accuracy:10.000000
lat: 24.939314, lng: 67.094414, accuracy:10.000000
lat: 24.939328, lng: 67.094498, accuracy:10.000000
lat: 24.939349, lng: 67.094540, accuracy:10.000000
lat: 24.939373, lng: 67.094633, accuracy:10.000000
lat: 24.939361, lng: 67.094676, accuracy:10.000000
lat: 24.939374, lng: 67.094715, accuracy:10.000000
lat: 24.939415, lng: 67.094782, accuracy:10.000000
lat: 24.939406, lng: 67.094823, accuracy:10.000000
lat: 24.939416, lng: 67.094882, accuracy:10.000000
lat: 24.939377, lng: 67.094967, accuracy:10.000000
lat: 24.939450, lng: 67.095005, accuracy:10.000000
lat: 24.939511, lng: 67.095038, accuracy:10.000000
lat: 24.939521, lng: 67.095084, accuracy:10.000000
lat: 24.939531, lng: 67.095126, accuracy:10.000000
lat: 24.939528, lng: 67.095170, accuracy:10.000000
lat: 24.939535, lng: 67.095214, accuracy:10.000000
lat: 24.939559, lng: 67.095236, accuracy:10.000000
lat: 24.939561, lng: 67.095262, accuracy:10.000000
lat: 24.939573, lng: 67.095274, accuracy:10.000000
lat: 24.939585, lng: 67.095302, accuracy:10.000000
lat: 24.939596, lng: 67.095337, accuracy:10.000000
lat: 24.939606, lng: 67.095377, accuracy:10.000000
lat: 24.939620, lng: 67.095418, accuracy:10.000000
lat: 24.939662, lng: 67.095469, accuracy:10.000000
lat: 24.939679, lng: 67.095544, accuracy:10.000000
lat: 24.939711, lng: 67.095599, accuracy:10.000000
lat: 24.939744, lng: 67.095655, accuracy:10.000000
lat: 24.939748, lng: 67.095731, accuracy:10.000000
lat: 24.939781, lng: 67.095805, accuracy:10.000000
lat: 24.939801, lng: 67.095880, accuracy:10.000000
lat: 24.939804, lng: 67.095936, accuracy:10.000000
lat: 24.939816, lng: 67.095974, accuracy:10.000000
lat: 24.939835, lng: 67.096051, accuracy:10.000000
lat: 24.939830, lng: 67.096093, accuracy:10.000000
lat: 24.939837, lng: 67.096109, accuracy:10.000000
lat: 24.939859, lng: 67.096145, accuracy:10.000000
lat: 24.939873, lng: 67.096135, accuracy:10.000000
lat: 24.939891, lng: 67.096157, accuracy:10.000000
lat: 24.939908, lng: 67.096188, accuracy:10.000000
lat: 24.939928, lng: 67.096225, accuracy:10.000000
lat: 24.939952, lng: 67.096252, accuracy:10.000000
lat: 24.939983, lng: 67.096296, accuracy:10.000000
lat: 24.940016, lng: 67.096362, accuracy:10.000000
lat: 24.940060, lng: 67.096430, accuracy:10.000000
lat: 24.940115, lng: 67.096478, accuracy:10.000000
lat: 24.940152, lng: 67.096544, accuracy:10.000000
lat: 24.940180, lng: 67.096577, accuracy:10.000000
lat: 24.940204, lng: 67.096599, accuracy:10.000000
lat: 24.940215, lng: 67.096639, accuracy:10.000000
lat: 24.940238, lng: 67.096666, accuracy:10.000000
lat: 24.940260, lng: 67.096692, accuracy:10.000000
lat: 24.940281, lng: 67.096718, accuracy:10.000000
lat: 24.940304, lng: 67.096757, accuracy:10.000000
lat: 24.940328, lng: 67.096793, accuracy:10.000000
lat: 24.940354, lng: 67.096825, accuracy:10.000000
lat: 24.940398, lng: 67.096879, accuracy:10.000000
lat: 24.940437, lng: 67.096932, accuracy:10.000000
lat: 24.940476, lng: 67.096982, accuracy:10.000000
lat: 24.940521, lng: 67.097030, accuracy:10.000000
lat: 24.940547, lng: 67.097101, accuracy:10.000000
lat: 24.940582, lng: 67.097149, accuracy:10.000000
lat: 24.940621, lng: 67.097194, accuracy:10.000000
lat: 24.940643, lng: 67.097251, accuracy:10.000000
lat: 24.940682, lng: 67.097284, accuracy:10.000000
lat: 24.940725, lng: 67.097334, accuracy:10.000000
lat: 24.940754, lng: 67.097391, accuracy:10.000000
lat: 24.940803, lng: 67.097436, accuracy:10.000000
lat: 24.940838, lng: 67.097480, accuracy:10.000000
lat: 24.940869, lng: 67.097503, accuracy:10.000000
lat: 24.940894, lng: 67.097539, accuracy:10.000000
lat: 24.940923, lng: 67.097563, accuracy:10.000000
lat: 24.940951, lng: 67.097593, accuracy:10.000000
lat: 24.940985, lng: 67.097635, accuracy:10.000000
lat: 24.941025, lng: 67.097676, accuracy:10.000000
lat: 24.941056, lng: 67.097717, accuracy:10.000000
lat: 24.941086, lng: 67.097756, accuracy:10.000000
lat: 24.941113, lng: 67.097803, accuracy:10.000000
lat: 24.941149, lng: 67.097812, accuracy:10.000000
lat: 24.941163, lng: 67.097864, accuracy:10.000000
lat: 24.941211, lng: 67.097885, accuracy:10.000000
lat: 24.941237, lng: 67.097915, accuracy:10.000000
lat: 24.941275, lng: 67.097950, accuracy:10.000000
lat: 24.941293, lng: 67.097972, accuracy:10.000000
lat: 24.941304, lng: 67.097994, accuracy:10.000000
lat: 24.941319, lng: 67.098017, accuracy:10.000000
lat: 24.941331, lng: 67.098041, accuracy:10.000000
lat: 24.941340, lng: 67.098064, accuracy:10.000000
lat: 24.941353, lng: 67.098083, accuracy:10.000000
lat: 24.941375, lng: 67.098104, accuracy:10.000000
lat: 24.941403, lng: 67.098127, accuracy:10.000000
lat: 24.941431, lng: 67.098151, accuracy:10.000000
lat: 24.941452, lng: 67.098170, accuracy:10.000000
lat: 24.941463, lng: 67.098180, accuracy:10.000000
lat: 24.941468, lng: 67.098186, accuracy:10.000000
lat: 24.941469, lng: 67.098193, accuracy:10.000000
lat: 24.941467, lng: 67.098199, accuracy:10.000000
lat: 24.941470, lng: 67.098201, accuracy:10.000000
lat: 24.941475, lng: 67.098200, accuracy:10.000000
lat: 24.941485, lng: 67.098198, accuracy:10.000000
lat: 24.941495, lng: 67.098195, accuracy:10.000000
lat: 24.941507, lng: 67.098187, accuracy:10.000000
lat: 24.941521, lng: 67.098171, accuracy:10.000000
lat: 24.941537, lng: 67.098153, accuracy:10.000000
lat: 24.941557, lng: 67.098131, accuracy:10.000000
lat: 24.941578, lng: 67.098113, accuracy:10.000000
lat: 24.941599, lng: 67.098091, accuracy:10.000000
lat: 24.941618, lng: 67.098071, accuracy:10.000000
lat: 24.941635, lng: 67.098051, accuracy:10.000000
lat: 24.941650, lng: 67.098034, accuracy:10.000000
lat: 24.941666, lng: 67.098019, accuracy:10.000000
lat: 24.941681, lng: 67.098003, accuracy:10.000000
lat: 24.941694, lng: 67.097984, accuracy:10.000000
lat: 24.941712, lng: 67.097963, accuracy:10.000000
lat: 24.941728, lng: 67.097944, accuracy:10.000000
lat: 24.941743, lng: 67.097926, accuracy:10.000000
lat: 24.941756, lng: 67.097911, accuracy:10.000000
lat: 24.941766, lng: 67.097898, accuracy:10.000000
lat: 24.941773, lng: 67.097889, accuracy:10.000000
lat: 24.941775, lng: 67.097884, accuracy:10.000000
lat: 24.941775, lng: 67.097884, accuracy:10.000000
lat: 24.941775, lng: 67.097879, accuracy:10.000000
lat: 24.941777, lng: 67.097875, accuracy:10.000000
lat: 24.941779, lng: 67.097871, accuracy:10.000000
lat: 24.941783, lng: 67.097868, accuracy:10.000000
lat: 24.941794, lng: 67.097857, accuracy:10.000000
lat: 24.941806, lng: 67.097846, accuracy:10.000000
lat: 24.941814, lng: 67.097839, accuracy:10.000000
lat: 24.941816, lng: 67.097839, accuracy:10.000000
lat: 24.941816, lng: 67.097839, accuracy:10.000000
lat: 24.941816, lng: 67.097839, accuracy:10.000000
lat: 24.941816, lng: 67.097853, accuracy:10.000000
lat: 24.941819, lng: 67.097855, accuracy:10.000000
lat: 24.941820, lng: 67.097856, accuracy:10.000000
lat: 24.941820, lng: 67.097856, accuracy:10.000000
lat: 24.941821, lng: 67.097862, accuracy:10.000000
lat: 24.941821, lng: 67.097862, accuracy:10.000000
lat: 24.941821, lng: 67.097862, accuracy:10.000000
lat: 24.941821, lng: 67.097862, accuracy:10.000000
lat: 24.941821, lng: 67.097862, accuracy:10.000000
lat: 24.941821, lng: 67.097862, accuracy:10.000000
lat: 24.941831, lng: 67.097867, accuracy:10.000000
lat: 24.941839, lng: 67.097860, accuracy:10.000000
lat: 24.941845, lng: 67.097855, accuracy:10.000000
lat: 24.941852, lng: 67.097850, accuracy:10.000000
lat: 24.941857, lng: 67.097847, accuracy:10.000000
lat: 24.941857, lng: 67.097847, accuracy:10.000000
lat: 24.941857, lng: 67.097847, accuracy:10.000000
lat: 24.941857, lng: 67.097847, accuracy:10.000000
lat: 24.941857, lng: 67.097847, accuracy:10.000000
lat: 24.941863, lng: 67.097845, accuracy:10.000000
lat: 24.941868, lng: 67.097840, accuracy:10.000000
lat: 24.941872, lng: 67.097837, accuracy:10.000000
lat: 24.941875, lng: 67.097835, accuracy:10.000000
lat: 24.941878, lng: 67.097830, accuracy:10.000000
lat: 24.941882, lng: 67.097823, accuracy:10.000000
lat: 24.941885, lng: 67.097816, accuracy:10.000000
lat: 24.941885, lng: 67.097816, accuracy:10.000000
lat: 24.941885, lng: 67.097816, accuracy:10.000000
lat: 24.941885, lng: 67.097816, accuracy:10.000000
lat: 24.941885, lng: 67.097816, accuracy:10.000000
lat: 24.941885, lng: 67.097816, accuracy:10.000000
lat: 24.941885, lng: 67.097816, accuracy:10.000000
lat: 24.941885, lng: 67.097816, accuracy:10.000000
lat: 24.941885, lng: 67.097816, accuracy:10.000000
lat: 24.941885, lng: 67.097816, accuracy:10.000000
lat: 24.941885, lng: 67.097816, accuracy:10.000000
lat: 24.941885, lng: 67.097816, accuracy:10.000000
lat: 24.941885, lng: 67.097816, accuracy:10.000000
lat: 24.941885, lng: 67.097816, accuracy:10.000000
lat: 24.941885, lng: 67.097816, accuracy:10.000000
lat: 24.941885, lng: 67.097816, accuracy:10.000000
lat: 24.941877, lng: 67.097773, accuracy:10.000000
lat: 24.941877, lng: 67.097773, accuracy:10.000000
lat: 24.941883, lng: 67.097754, accuracy:10.000000
lat: 24.941883, lng: 67.097754, accuracy:10.000000
lat: 24.941883, lng: 67.097754, accuracy:10.000000
lat: 24.941883, lng: 67.097754, accuracy:10.000000
lat: 24.941883, lng: 67.097754, accuracy:10.000000
lat: 24.941899, lng: 67.097765, accuracy:10.000000
lat: 24.941902, lng: 67.097763, accuracy:10.000000
lat: 24.941907, lng: 67.097758, accuracy:10.000000
lat: 24.941913, lng: 67.097752, accuracy:10.000000
lat: 24.941919, lng: 67.097748, accuracy:10.000000
lat: 24.941926, lng: 67.097746, accuracy:10.000000
lat: 24.941931, lng: 67.097744, accuracy:10.000000
lat: 24.941933, lng: 67.097745, accuracy:10.000000
lat: 24.941933, lng: 67.097745, accuracy:10.000000
lat: 24.941933, lng: 67.097745, accuracy:10.000000
lat: 24.941933, lng: 67.097745, accuracy:10.000000
lat: 24.941943, lng: 67.097745, accuracy:10.000000
lat: 24.941950, lng: 67.097743, accuracy:10.000000
lat: 24.941957, lng: 67.097738, accuracy:10.000000
lat: 24.941965, lng: 67.097733, accuracy:10.000000
lat: 24.941976, lng: 67.097729, accuracy:10.000000
lat: 24.941989, lng: 67.097726, accuracy:10.000000
lat: 24.942002, lng: 67.097720, accuracy:10.000000
lat: 24.942015, lng: 67.097709, accuracy:10.000000
lat: 24.942026, lng: 67.097699, accuracy:10.000000
lat: 24.942030, lng: 67.097690, accuracy:10.000000
lat: 24.942034, lng: 67.097682, accuracy:10.000000
lat: 24.942038, lng: 67.097674, accuracy:10.000000
lat: 24.942044, lng: 67.097663, accuracy:10.000000
lat: 24.942046, lng: 67.097654, accuracy:10.000000
lat: 24.942054, lng: 67.097645, accuracy:10.000000
lat: 24.942063, lng: 67.097634, accuracy:10.000000
lat: 24.942074, lng: 67.097628, accuracy:10.000000
lat: 24.942082, lng: 67.097621, accuracy:10.000000
lat: 24.942085, lng: 67.097614, accuracy:10.000000
lat: 24.942081, lng: 67.097603, accuracy:10.000000
lat: 24.942085, lng: 67.097599, accuracy:10.000000
lat: 24.942092, lng: 67.097591, accuracy:10.000000
lat: 24.942101, lng: 67.097575, accuracy:10.000000
lat: 24.942112, lng: 67.097556, accuracy:10.000000
lat: 24.942123, lng: 67.097537, accuracy:10.000000
lat: 24.942136, lng: 67.097523, accuracy:10.000000
lat: 24.942150, lng: 67.097503, accuracy:10.000000
lat: 24.942165, lng: 67.097483, accuracy:10.000000
lat: 24.942183, lng: 67.097464, accuracy:10.000000
lat: 24.942203, lng: 67.097445, accuracy:10.000000
lat: 24.942221, lng: 67.097430, accuracy:10.000000
lat: 24.942235, lng: 67.097420, accuracy:10.000000
lat: 24.942244, lng: 67.097412, accuracy:10.000000
lat: 24.942255, lng: 67.097404, accuracy:10.000000
lat: 24.942269, lng: 67.097394, accuracy:10.000000
lat: 24.942282, lng: 67.097379, accuracy:10.000000
lat: 24.942293, lng: 67.097365, accuracy:10.000000
lat: 24.942302, lng: 67.097354, accuracy:10.000000
lat: 24.942311, lng: 67.097342, accuracy:10.000000
lat: 24.942318, lng: 67.097333, accuracy:10.000000
lat: 24.942331, lng: 67.097319, accuracy:10.000000
lat: 24.942344, lng: 67.097310, accuracy:10.000000
lat: 24.942371, lng: 67.097289, accuracy:10.000000
lat: 24.942392, lng: 67.097269, accuracy:10.000000
lat: 24.942404, lng: 67.097259, accuracy:10.000000
lat: 24.942414, lng: 67.097250, accuracy:10.000000
lat: 24.942419, lng: 67.097247, accuracy:10.000000
lat: 24.942418, lng: 67.097248, accuracy:10.000000
lat: 24.942418, lng: 67.097248, accuracy:10.000000
lat: 24.942404, lng: 67.097259, accuracy:10.000000
lat: 24.942404, lng: 67.097259, accuracy:10.000000
lat: 24.942403, lng: 67.097261, accuracy:10.000000
lat: 24.942403, lng: 67.097261, accuracy:10.000000
lat: 24.942403, lng: 67.097261, accuracy:10.000000
lat: 24.942403, lng: 67.097261, accuracy:10.000000
lat: 24.942420, lng: 67.097242, accuracy:10.000000
lat: 24.942424, lng: 67.097237, accuracy:10.000000
lat: 24.942423, lng: 67.097236, accuracy:10.000000
lat: 24.942423, lng: 67.097236, accuracy:10.000000
lat: 24.942421, lng: 67.097237, accuracy:10.000000
lat: 24.942421, lng: 67.097241, accuracy:10.000000
lat: 24.942423, lng: 67.097247, accuracy:10.000000
lat: 24.942423, lng: 67.097247, accuracy:10.000000
lat: 24.942423, lng: 67.097247, accuracy:10.000000
lat: 24.942418, lng: 67.097277, accuracy:10.000000
lat: 24.942418, lng: 67.097277, accuracy:10.000000
lat: 24.942417, lng: 67.097275, accuracy:10.000000
lat: 24.942417, lng: 67.097268, accuracy:10.000000
lat: 24.942421, lng: 67.097259, accuracy:10.000000
lat: 24.942430, lng: 67.097245, accuracy:10.000000
lat: 24.942439, lng: 67.097236, accuracy:10.000000
lat: 24.942445, lng: 67.097233, accuracy:10.000000
lat: 24.942450, lng: 67.097231, accuracy:10.000000
lat: 24.942450, lng: 67.097231, accuracy:10.000000
lat: 24.942450, lng: 67.097231, accuracy:10.000000
lat: 24.942450, lng: 67.097231, accuracy:10.000000
lat: 24.942475, lng: 67.097213, accuracy:10.000000
lat: 24.942492, lng: 67.097186, accuracy:10.000000
lat: 24.942502, lng: 67.097167, accuracy:10.000000
lat: 24.942506, lng: 67.097161, accuracy:10.000000
lat: 24.942502, lng: 67.097162, accuracy:10.000000
lat: 24.942492, lng: 67.097174, accuracy:10.000000
lat: 24.942492, lng: 67.097174, accuracy:10.000000
lat: 24.942492, lng: 67.097174, accuracy:10.000000
lat: 24.942492, lng: 67.097174, accuracy:10.000000
lat: 24.942492, lng: 67.097174, accuracy:10.000000
lat: 24.942492, lng: 67.097174, accuracy:10.000000
lat: 24.942468, lng: 67.097209, accuracy:10.000000
lat: 24.942474, lng: 67.097197, accuracy:10.000000
lat: 24.942485, lng: 67.097173, accuracy:10.000000
lat: 24.942497, lng: 67.097155, accuracy:10.000000
lat: 24.942505, lng: 67.097144, accuracy:10.000000
lat: 24.942513, lng: 67.097131, accuracy:10.000000
lat: 24.942524, lng: 67.097117, accuracy:10.000000
lat: 24.942533, lng: 67.097106, accuracy:10.000000
lat: 24.942540, lng: 67.097099, accuracy:10.000000
lat: 24.942549, lng: 67.097085, accuracy:10.000000
lat: 24.942561, lng: 67.097073, accuracy:10.000000
lat: 24.942569, lng: 67.097066, accuracy:10.000000
lat: 24.942575, lng: 67.097063, accuracy:10.000000
lat: 24.942564, lng: 67.097079, accuracy:10.000000
lat: 24.942552, lng: 67.097091, accuracy:10.000000
lat: 24.942557, lng: 67.097084, accuracy:10.000000
lat: 24.942563, lng: 67.097075, accuracy:10.000000
lat: 24.942572, lng: 67.097065, accuracy:10.000000
lat: 24.942577, lng: 67.097060, accuracy:10.000000
lat: 24.942575, lng: 67.097061, accuracy:10.000000
lat: 24.942571, lng: 67.097053, accuracy:10.000000
lat: 24.942575, lng: 67.097045, accuracy:10.000000
lat: 24.942583, lng: 67.097036, accuracy:10.000000
lat: 24.942586, lng: 67.097031, accuracy:10.000000
lat: 24.942590, lng: 67.097024, accuracy:10.000000
lat: 24.942597, lng: 67.097018, accuracy:10.000000
lat: 24.942608, lng: 67.097007, accuracy:10.000000
lat: 24.942617, lng: 67.096989, accuracy:10.000000
lat: 24.942627, lng: 67.096986, accuracy:10.000000
lat: 24.942639, lng: 67.096977, accuracy:10.000000
lat: 24.942652, lng: 67.096965, accuracy:10.000000
lat: 24.942662, lng: 67.096954, accuracy:10.000000
lat: 24.942669, lng: 67.096945, accuracy:10.000000
lat: 24.942675, lng: 67.096934, accuracy:10.000000
lat: 24.942683, lng: 67.096923, accuracy:10.000000
lat: 24.942685, lng: 67.096919, accuracy:10.000000
lat: 24.942695, lng: 67.096903, accuracy:10.000000
lat: 24.942700, lng: 67.096896, accuracy:10.000000
lat: 24.942700, lng: 67.096893, accuracy:10.000000
lat: 24.942699, lng: 67.096890, accuracy:10.000000
lat: 24.942699, lng: 67.096890, accuracy:10.000000
lat: 24.942696, lng: 67.096887, accuracy:10.000000
lat: 24.942699, lng: 67.096882, accuracy:10.000000
lat: 24.942698, lng: 67.096881, accuracy:10.000000
lat: 24.942702, lng: 67.096880, accuracy:10.000000
lat: 24.942707, lng: 67.096880, accuracy:10.000000
lat: 24.942706, lng: 67.096880, accuracy:10.000000
lat: 24.942708, lng: 67.096881, accuracy:10.000000
lat: 24.942713, lng: 67.096875, accuracy:10.000000
lat: 24.942719, lng: 67.096866, accuracy:10.000000
lat: 24.942727, lng: 67.096857, accuracy:10.000000
lat: 24.942738, lng: 67.096849, accuracy:10.000000
lat: 24.942744, lng: 67.096846, accuracy:10.000000
lat: 24.942747, lng: 67.096847, accuracy:10.000000
lat: 24.942746, lng: 67.096849, accuracy:10.000000
lat: 24.942746, lng: 67.096849, accuracy:10.000000
lat: 24.942729, lng: 67.096862, accuracy:10.000000
lat: 24.942729, lng: 67.096862, accuracy:10.000000
lat: 24.942729, lng: 67.096862, accuracy:10.000000
lat: 24.942729, lng: 67.096862, accuracy:10.000000
lat: 24.942717, lng: 67.096884, accuracy:10.000000
lat: 24.942717, lng: 67.096884, accuracy:10.000000
lat: 24.942717, lng: 67.096884, accuracy:10.000000
lat: 24.942731, lng: 67.096905, accuracy:10.000000
lat: 24.942736, lng: 67.096908, accuracy:10.000000
lat: 24.942741, lng: 67.096910, accuracy:10.000000
lat: 24.942738, lng: 67.096916, accuracy:10.000000
lat: 24.942733, lng: 67.096925, accuracy:10.000000
lat: 24.942741, lng: 67.096917, accuracy:10.000000
lat: 24.942744, lng: 67.096914, accuracy:10.000000
lat: 24.942749, lng: 67.096907, accuracy:10.000000
lat: 24.942758, lng: 67.096894, accuracy:10.000000
lat: 24.942758, lng: 67.096894, accuracy:10.000000
lat: 24.942765, lng: 67.096888, accuracy:10.000000
lat: 24.942771, lng: 67.096896, accuracy:10.000000
lat: 24.942771, lng: 67.096914, accuracy:10.000000
lat: 24.942768, lng: 67.096934, accuracy:10.000000
lat: 24.942743, lng: 67.096966, accuracy:10.000000
lat: 24.942718, lng: 67.096998, accuracy:10.000000
lat: 24.942699, lng: 67.097027, accuracy:10.000000
lat: 24.942678, lng: 67.097051, accuracy:10.000000
lat: 24.942660, lng: 67.097074, accuracy:10.000000
lat: 24.942643, lng: 67.097094, accuracy:10.000000
lat: 24.942627, lng: 67.097132, accuracy:10.000000
lat: 24.942619, lng: 67.097152, accuracy:10.000000
lat: 24.942604, lng: 67.097178, accuracy:10.000000
lat: 24.942589, lng: 67.097197, accuracy:10.000000
lat: 24.942574, lng: 67.097216, accuracy:10.000000
lat: 24.942546, lng: 67.097259, accuracy:10.000000
lat: 24.942520, lng: 67.097298, accuracy:10.000000
lat: 24.942493, lng: 67.097330, accuracy:10.000000
lat: 24.942461, lng: 67.097372, accuracy:10.000000
lat: 24.942445, lng: 67.097409, accuracy:10.000000
lat: 24.942433, lng: 67.097442, accuracy:10.000000
lat: 24.942415, lng: 67.097470, accuracy:10.000000
lat: 24.942384, lng: 67.097500, accuracy:10.000000
lat: 24.942348, lng: 67.097527, accuracy:10.000000
lat: 24.942310, lng: 67.097550, accuracy:10.000000
lat: 24.942273, lng: 67.097578, accuracy:10.000000
lat: 24.942207, lng: 67.097600, accuracy:10.000000
lat: 24.942162, lng: 67.097633, accuracy:10.000000
lat: 24.942121, lng: 67.097656, accuracy:10.000000
lat: 24.942071, lng: 67.097697, accuracy:10.000000
lat: 24.942032, lng: 67.097753, accuracy:10.000000
lat: 24.941977, lng: 67.097796, accuracy:10.000000
lat: 24.941931, lng: 67.097856, accuracy:10.000000
lat: 24.941884, lng: 67.097891, accuracy:10.000000
lat: 24.941838, lng: 67.097952, accuracy:10.000000
lat: 24.941779, lng: 67.098008, accuracy:10.000000
lat: 24.941730, lng: 67.098057, accuracy:10.000000
lat: 24.941672, lng: 67.098100, accuracy:10.000000
lat: 24.941624, lng: 67.098132, accuracy:10.000000
lat: 24.941603, lng: 67.098146, accuracy:10.000000
lat: 24.941566, lng: 67.098176, accuracy:10.000000
lat: 24.941530, lng: 67.098210, accuracy:10.000000
lat: 24.941493, lng: 67.098257, accuracy:10.000000
lat: 24.941459, lng: 67.098300, accuracy:10.000000
lat: 24.941415, lng: 67.098328, accuracy:10.000000
lat: 24.941369, lng: 67.098366, accuracy:10.000000
lat: 24.941309, lng: 67.098418, accuracy:10.000000
lat: 24.941253, lng: 67.098468, accuracy:10.000000
lat: 24.941212, lng: 67.098537, accuracy:10.000000
lat: 24.941165, lng: 67.098591, accuracy:10.000000
lat: 24.941141, lng: 67.098657, accuracy:10.000000
lat: 24.941091, lng: 67.098707, accuracy:10.000000
lat: 24.941052, lng: 67.098768, accuracy:10.000000
lat: 24.941008, lng: 67.098817, accuracy:10.000000
lat: 24.940965, lng: 67.098860, accuracy:10.000000
lat: 24.940907, lng: 67.098903, accuracy:10.000000
lat: 24.940861, lng: 67.098943, accuracy:10.000000
lat: 24.940814, lng: 67.098996, accuracy:10.000000
lat: 24.940760, lng: 67.099047, accuracy:10.000000
lat: 24.940708, lng: 67.099110, accuracy:10.000000
lat: 24.940653, lng: 67.099160, accuracy:10.000000
lat: 24.940590, lng: 67.099226, accuracy:10.000000
lat: 24.940539, lng: 67.099273, accuracy:10.000000
lat: 24.940492, lng: 67.099326, accuracy:10.000000
lat: 24.940452, lng: 67.099392, accuracy:10.000000
lat: 24.940417, lng: 67.099434, accuracy:10.000000
lat: 24.940380, lng: 67.099478, accuracy:10.000000
lat: 24.940343, lng: 67.099514, accuracy:10.000000
lat: 24.940308, lng: 67.099547, accuracy:10.000000
lat: 24.940288, lng: 67.099588, accuracy:10.000000
lat: 24.940264, lng: 67.099608, accuracy:10.000000
lat: 24.940243, lng: 67.099644, accuracy:10.000000
lat: 24.940205, lng: 67.099673, accuracy:10.000000
lat: 24.940192, lng: 67.099689, accuracy:10.000000
lat: 24.940174, lng: 67.099712, accuracy:10.000000
lat: 24.940161, lng: 67.099730, accuracy:10.000000
lat: 24.940159, lng: 67.099735, accuracy:10.000000
lat: 24.940159, lng: 67.099740, accuracy:10.000000
lat: 24.940159, lng: 67.099743, accuracy:10.000000
lat: 24.940152, lng: 67.099754, accuracy:10.000000
lat: 24.940142, lng: 67.099769, accuracy:10.000000
lat: 24.940130, lng: 67.099783, accuracy:10.000000
lat: 24.940121, lng: 67.099799, accuracy:10.000000
lat: 24.940109, lng: 67.099819, accuracy:10.000000
lat: 24.940096, lng: 67.099839, accuracy:10.000000
lat: 24.940080, lng: 67.099861, accuracy:10.000000
lat: 24.940062, lng: 67.099889, accuracy:10.000000
lat: 24.940038, lng: 67.099927, accuracy:10.000000
lat: 24.939991, lng: 67.099994, accuracy:10.000000
lat: 24.939948, lng: 67.100041, accuracy:10.000000
lat: 24.939914, lng: 67.100085, accuracy:10.000000
lat: 24.939871, lng: 67.100142, accuracy:10.000000
lat: 24.939812, lng: 67.100191, accuracy:10.000000
lat: 24.939755, lng: 67.100241, accuracy:10.000000
lat: 24.939705, lng: 67.100316, accuracy:10.000000
lat: 24.939654, lng: 67.100347, accuracy:10.000000
lat: 24.939608, lng: 67.100400, accuracy:10.000000
lat: 24.939574, lng: 67.100442, accuracy:10.000000
lat: 24.939535, lng: 67.100481, accuracy:10.000000
lat: 24.939490, lng: 67.100544, accuracy:10.000000
lat: 24.939448, lng: 67.100581, accuracy:10.000000
lat: 24.939406, lng: 67.100634, accuracy:10.000000
lat: 24.939363, lng: 67.100679, accuracy:10.000000
lat: 24.939306, lng: 67.100737, accuracy:10.000000
lat: 24.939251, lng: 67.100791, accuracy:10.000000
lat: 24.939203, lng: 67.100853, accuracy:10.000000
lat: 24.939149, lng: 67.100913, accuracy:10.000000
lat: 24.939106, lng: 67.100964, accuracy:10.000000
lat: 24.939072, lng: 67.101013, accuracy:10.000000
lat: 24.939037, lng: 67.101045, accuracy:10.000000
lat: 24.938998, lng: 67.101072, accuracy:10.000000
lat: 24.938970, lng: 67.101101, accuracy:10.000000
lat: 24.938950, lng: 67.101129, accuracy:10.000000
lat: 24.938915, lng: 67.101161, accuracy:10.000000
lat: 24.938893, lng: 67.101169, accuracy:10.000000
lat: 24.938877, lng: 67.101178, accuracy:10.000000
lat: 24.938864, lng: 67.101190, accuracy:10.000000
lat: 24.938850, lng: 67.101204, accuracy:10.000000
lat: 24.938842, lng: 67.101211, accuracy:10.000000
lat: 24.938840, lng: 67.101210, accuracy:10.000000
lat: 24.938836, lng: 67.101215, accuracy:10.000000
lat: 24.938830, lng: 67.101224, accuracy:10.000000
lat: 24.938822, lng: 67.101234, accuracy:10.000000
lat: 24.938814, lng: 67.101243, accuracy:10.000000
lat: 24.938810, lng: 67.101251, accuracy:10.000000
lat: 24.938805, lng: 67.101259, accuracy:10.000000
lat: 24.938798, lng: 67.101268, accuracy:10.000000
lat: 24.938790, lng: 67.101277, accuracy:10.000000
lat: 24.938784, lng: 67.101283, accuracy:10.000000
lat: 24.938776, lng: 67.101290, accuracy:10.000000
lat: 24.938767, lng: 67.101303, accuracy:10.000000
lat: 24.938759, lng: 67.101312, accuracy:10.000000
lat: 24.938749, lng: 67.101323, accuracy:10.000000
lat: 24.938735, lng: 67.101340, accuracy:10.000000
lat: 24.938719, lng: 67.101358, accuracy:10.000000
lat: 24.938702, lng: 67.101381, accuracy:10.000000
lat: 24.938686, lng: 67.101399, accuracy:10.000000
lat: 24.938667, lng: 67.101418, accuracy:10.000000
lat: 24.938651, lng: 67.101436, accuracy:10.000000
lat: 24.938634, lng: 67.101451, accuracy:10.000000
lat: 24.938619, lng: 67.101466, accuracy:10.000000
lat: 24.938610, lng: 67.101474, accuracy:10.000000
lat: 24.938615, lng: 67.101477, accuracy:10.000000
lat: 24.938615, lng: 67.101477, accuracy:10.000000
lat: 24.938614, lng: 67.101482, accuracy:10.000000
lat: 24.938606, lng: 67.101492, accuracy:10.000000
lat: 24.938595, lng: 67.101507, accuracy:10.000000
lat: 24.938577, lng: 67.101525, accuracy:10.000000
lat: 24.938558, lng: 67.101542, accuracy:10.000000
lat: 24.938534, lng: 67.101563, accuracy:10.000000
lat: 24.938497, lng: 67.101602, accuracy:10.000000
lat: 24.938431, lng: 67.101665, accuracy:10.000000
lat: 24.938380, lng: 67.101727, accuracy:10.000000
lat: 24.938316, lng: 67.101790, accuracy:10.000000
lat: 24.938250, lng: 67.101850, accuracy:10.000000
lat: 24.938193, lng: 67.101908, accuracy:10.000000
lat: 24.938126, lng: 67.101989, accuracy:10.000000
lat: 24.938066, lng: 67.102069, accuracy:10.000000
lat: 24.938003, lng: 67.102148, accuracy:10.000000
lat: 24.937961, lng: 67.102191, accuracy:10.000000
lat: 24.937906, lng: 67.102268, accuracy:10.000000
lat: 24.937861, lng: 67.102345, accuracy:10.000000
lat: 24.937805, lng: 67.102405, accuracy:10.000000
lat: 24.937737, lng: 67.102485, accuracy:10.000000
lat: 24.937670, lng: 67.102570, accuracy:10.000000
lat: 24.937606, lng: 67.102639, accuracy:10.000000
lat: 24.937547, lng: 67.102706, accuracy:10.000000
lat: 24.937480, lng: 67.102763, accuracy:10.000000
lat: 24.937426, lng: 67.102809, accuracy:10.000000
lat: 24.937356, lng: 67.102886, accuracy:10.000000
lat: 24.937315, lng: 67.102955, accuracy:10.000000
lat: 24.937249, lng: 67.103033, accuracy:10.000000
lat: 24.937187, lng: 67.103096, accuracy:10.000000
lat: 24.937124, lng: 67.103169, accuracy:10.000000
lat: 24.937042, lng: 67.103222, accuracy:10.000000
lat: 24.936962, lng: 67.103298, accuracy:10.000000
lat: 24.936885, lng: 67.103376, accuracy:10.000000
lat: 24.936804, lng: 67.103474, accuracy:10.000000
lat: 24.936717, lng: 67.103574, accuracy:10.000000
lat: 24.936638, lng: 67.103655, accuracy:10.000000
lat: 24.936550, lng: 67.103744, accuracy:10.000000
lat: 24.936467, lng: 67.103839, accuracy:10.000000
lat: 24.936394, lng: 67.103925, accuracy:10.000000
lat: 24.936314, lng: 67.104007, accuracy:10.000000
lat: 24.936234, lng: 67.104098, accuracy:10.000000
lat: 24.936165, lng: 67.104161, accuracy:10.000000
lat: 24.936104, lng: 67.104234, accuracy:10.000000
lat: 24.936035, lng: 67.104311, accuracy:10.000000
lat: 24.935965, lng: 67.104401, accuracy:10.000000
lat: 24.935892, lng: 67.104482, accuracy:10.000000
lat: 24.935832, lng: 67.104563, accuracy:10.000000
lat: 24.935755, lng: 67.104645, accuracy:10.000000
lat: 24.935688, lng: 67.104719, accuracy:10.000000
lat: 24.935613, lng: 67.104796, accuracy:10.000000
lat: 24.935560, lng: 67.104844, accuracy:10.000000
lat: 24.935494, lng: 67.104909, accuracy:10.000000
lat: 24.935426, lng: 67.104980, accuracy:10.000000
lat: 24.935375, lng: 67.105014, accuracy:10.000000
lat: 24.935298, lng: 67.105088, accuracy:10.000000
lat: 24.935296, lng: 67.105075, accuracy:10.000000
lat: 24.935261, lng: 67.105116, accuracy:10.000000
lat: 24.935246, lng: 67.105140, accuracy:10.000000
lat: 24.935205, lng: 67.105173, accuracy:10.000000
lat: 24.935193, lng: 67.105197, accuracy:10.000000
lat: 24.935176, lng: 67.105211, accuracy:10.000000
lat: 24.935169, lng: 67.105218, accuracy:10.000000
lat: 24.935157, lng: 67.105216, accuracy:10.000000
lat: 24.935144, lng: 67.105223, accuracy:10.000000
lat: 24.935128, lng: 67.105231, accuracy:10.000000
lat: 24.935112, lng: 67.105241, accuracy:10.000000
lat: 24.935096, lng: 67.105248, accuracy:10.000000
lat: 24.935077, lng: 67.105256, accuracy:10.000000
lat: 24.935056, lng: 67.105267, accuracy:10.000000
lat: 24.935036, lng: 67.105274, accuracy:10.000000
lat: 24.935025, lng: 67.105274, accuracy:10.000000
lat: 24.935012, lng: 67.105274, accuracy:10.000000
lat: 24.934998, lng: 67.105269, accuracy:10.000000
lat: 24.934986, lng: 67.105259, accuracy:10.000000
lat: 24.934976, lng: 67.105248, accuracy:10.000000
lat: 24.934969, lng: 67.105244, accuracy:10.000000
lat: 24.934958, lng: 67.105224, accuracy:10.000000
lat: 24.934947, lng: 67.105194, accuracy:10.000000
lat: 24.934933, lng: 67.105158, accuracy:10.000000
lat: 24.934918, lng: 67.105122, accuracy:10.000000
lat: 24.934900, lng: 67.105083, accuracy:10.000000
lat: 24.934857, lng: 67.105024, accuracy:10.000000
lat: 24.934841, lng: 67.104992, accuracy:10.000000
lat: 24.934822, lng: 67.104969, accuracy:10.000000
lat: 24.934806, lng: 67.104943, accuracy:10.000000
lat: 24.934767, lng: 67.104898, accuracy:10.000000
lat: 24.934757, lng: 67.104877, accuracy:10.000000
lat: 24.934740, lng: 67.104842, accuracy:10.000000
lat: 24.934715, lng: 67.104812, accuracy:10.000000
lat: 24.934701, lng: 67.104797, accuracy:10.000000
lat: 24.934688, lng: 67.104785, accuracy:10.000000
lat: 24.934673, lng: 67.104777, accuracy:10.000000
lat: 24.934654, lng: 67.104765, accuracy:10.000000
lat: 24.934633, lng: 67.104746, accuracy:10.000000
lat: 24.934596, lng: 67.104719, accuracy:10.000000
lat: 24.934542, lng: 67.104674, accuracy:10.000000
lat: 24.934492, lng: 67.104636, accuracy:10.000000
lat: 24.934453, lng: 67.104594, accuracy:10.000000
lat: 24.934421, lng: 67.104549, accuracy:10.000000
lat: 24.934383, lng: 67.104491, accuracy:10.000000
lat: 24.934344, lng: 67.104411, accuracy:10.000000
lat: 24.934294, lng: 67.104344, accuracy:10.000000
lat: 24.934252, lng: 67.104273, accuracy:10.000000
lat: 24.934221, lng: 67.104198, accuracy:10.000000
lat: 24.934165, lng: 67.104112, accuracy:10.000000
lat: 24.934101, lng: 67.104039, accuracy:10.000000
lat: 24.934035, lng: 67.103961, accuracy:10.000000
lat: 24.933968, lng: 67.103865, accuracy:10.000000
lat: 24.933915, lng: 67.103795, accuracy:10.000000
lat: 24.933863, lng: 67.103715, accuracy:10.000000
lat: 24.933808, lng: 67.103617, accuracy:10.000000
lat: 24.933745, lng: 67.103542, accuracy:10.000000
lat: 24.933684, lng: 67.103469, accuracy:10.000000
lat: 24.933628, lng: 67.103399, accuracy:10.000000
lat: 24.933588, lng: 67.103317, accuracy:10.000000
lat: 24.933541, lng: 67.103237, accuracy:10.000000
lat: 24.933472, lng: 67.103190, accuracy:10.000000
lat: 24.933455, lng: 67.103104, accuracy:10.000000
lat: 24.933389, lng: 67.103046, accuracy:10.000000
lat: 24.933373, lng: 67.102998, accuracy:10.000000
lat: 24.933304, lng: 67.102948, accuracy:10.000000
lat: 24.933252, lng: 67.102910, accuracy:10.000000
lat: 24.933188, lng: 67.102864, accuracy:10.000000
lat: 24.933142, lng: 67.102796, accuracy:10.000000
lat: 24.933094, lng: 67.102726, accuracy:10.000000
lat: 24.933052, lng: 67.102667, accuracy:10.000000
lat: 24.933003, lng: 67.102606, accuracy:10.000000
lat: 24.932935, lng: 67.102529, accuracy:10.000000
lat: 24.932897, lng: 67.102474, accuracy:10.000000
lat: 24.932853, lng: 67.102432, accuracy:10.000000
lat: 24.932797, lng: 67.102362, accuracy:10.000000
lat: 24.932737, lng: 67.102286, accuracy:10.000000
lat: 24.932689, lng: 67.102224, accuracy:10.000000
lat: 24.932631, lng: 67.102150, accuracy:10.000000
lat: 24.932588, lng: 67.102124, accuracy:10.000000
lat: 24.932544, lng: 67.102084, accuracy:10.000000
lat: 24.932510, lng: 67.102037, accuracy:10.000000
lat: 24.932473, lng: 67.101980, accuracy:10.000000
lat: 24.932421, lng: 67.101929, accuracy:10.000000
lat: 24.932384, lng: 67.101885, accuracy:10.000000
lat: 24.932328, lng: 67.101811, accuracy:10.000000
lat: 24.932273, lng: 67.101730, accuracy:10.000000
lat: 24.932217, lng: 67.101646, accuracy:10.000000
lat: 24.932156, lng: 67.101582, accuracy:10.000000
lat: 24.932103, lng: 67.101495, accuracy:10.000000
lat: 24.932051, lng: 67.101418, accuracy:10.000000
lat: 24.931991, lng: 67.101329, accuracy:10.000000
lat: 24.931934, lng: 67.101260, accuracy:10.000000
lat: 24.931876, lng: 67.101182, accuracy:10.000000
lat: 24.931821, lng: 67.101087, accuracy:10.000000
lat: 24.931760, lng: 67.101014, accuracy:10.000000
lat: 24.931700, lng: 67.100949, accuracy:10.000000
lat: 24.931644, lng: 67.100864, accuracy:10.000000
lat: 24.931637, lng: 67.100826, accuracy:10.000000
lat: 24.931578, lng: 67.100722, accuracy:10.000000
lat: 24.931524, lng: 67.100675, accuracy:10.000000
lat: 24.931481, lng: 67.100586, accuracy:10.000000
lat: 24.931418, lng: 67.100505, accuracy:10.000000
lat: 24.931343, lng: 67.100429, accuracy:10.000000
lat: 24.931296, lng: 67.100329, accuracy:10.000000
lat: 24.931244, lng: 67.100257, accuracy:10.000000
lat: 24.931195, lng: 67.100183, accuracy:10.000000
lat: 24.931140, lng: 67.100110, accuracy:10.000000
lat: 24.931082, lng: 67.100038, accuracy:10.000000
lat: 24.931032, lng: 67.099972, accuracy:10.000000
lat: 24.930979, lng: 67.099911, accuracy:10.000000
lat: 24.930929, lng: 67.099836, accuracy:10.000000
lat: 24.930871, lng: 67.099773, accuracy:10.000000
lat: 24.930813, lng: 67.099684, accuracy:10.000000
lat: 24.930755, lng: 67.099621, accuracy:10.000000
lat: 24.930703, lng: 67.099542, accuracy:10.000000
lat: 24.930655, lng: 67.099478, accuracy:10.000000
lat: 24.930603, lng: 67.099410, accuracy:10.000000
lat: 24.930548, lng: 67.099352, accuracy:10.000000
lat: 24.930492, lng: 67.099287, accuracy:10.000000
lat: 24.930434, lng: 67.099211, accuracy:10.000000
lat: 24.930388, lng: 67.099144, accuracy:10.000000
lat: 24.930336, lng: 67.099080, accuracy:10.000000
lat: 24.930284, lng: 67.099025, accuracy:10.000000
lat: 24.930229, lng: 67.098960, accuracy:10.000000
lat: 24.930181, lng: 67.098894, accuracy:10.000000
lat: 24.930125, lng: 67.098824, accuracy:10.000000
lat: 24.930072, lng: 67.098753, accuracy:10.000000
lat: 24.930021, lng: 67.098695, accuracy:10.000000
lat: 24.929972, lng: 67.098630, accuracy:10.000000
lat: 24.929917, lng: 67.098559, accuracy:10.000000
lat: 24.929862, lng: 67.098489, accuracy:10.000000
lat: 24.929810, lng: 67.098415, accuracy:10.000000
lat: 24.929759, lng: 67.098349, accuracy:10.000000
lat: 24.929702, lng: 67.098281, accuracy:10.000000
lat: 24.929648, lng: 67.098219, accuracy:10.000000
lat: 24.929604, lng: 67.098152, accuracy:10.000000
lat: 24.929570, lng: 67.098095, accuracy:10.000000
lat: 24.929541, lng: 67.098062, accuracy:10.000000
lat: 24.929513, lng: 67.098032, accuracy:10.000000
lat: 24.929493, lng: 67.098008, accuracy:10.000000
lat: 24.929468, lng: 67.097993, accuracy:10.000000
lat: 24.929442, lng: 67.097970, accuracy:10.000000
lat: 24.929406, lng: 67.097936, accuracy:10.000000
lat: 24.929374, lng: 67.097907, accuracy:10.000000
lat: 24.929341, lng: 67.097879, accuracy:10.000000
lat: 24.929314, lng: 67.097859, accuracy:10.000000
lat: 24.929286, lng: 67.097839, accuracy:10.000000
lat: 24.929261, lng: 67.097822, accuracy:10.000000
lat: 24.929241, lng: 67.097809, accuracy:10.000000
lat: 24.929215, lng: 67.097790, accuracy:10.000000
lat: 24.929187, lng: 67.097770, accuracy:10.000000
lat: 24.929177, lng: 67.097762, accuracy:10.000000
lat: 24.929172, lng: 67.097760, accuracy:10.000000
lat: 24.929172, lng: 67.097763, accuracy:10.000000
lat: 24.929163, lng: 67.097753, accuracy:10.000000
lat: 24.929153, lng: 67.097747, accuracy:10.000000
lat: 24.929142, lng: 67.097738, accuracy:10.000000
lat: 24.929136, lng: 67.097727, accuracy:10.000000
lat: 24.929129, lng: 67.097722, accuracy:10.000000
lat: 24.929124, lng: 67.097719, accuracy:10.000000
lat: 24.929122, lng: 67.097717, accuracy:10.000000
lat: 24.929119, lng: 67.097716, accuracy:10.000000
lat: 24.929107, lng: 67.097711, accuracy:10.000000
lat: 24.929092, lng: 67.097705, accuracy:10.000000
lat: 24.929083, lng: 67.097700, accuracy:10.000000
lat: 24.929080, lng: 67.097695, accuracy:10.000000
lat: 24.929074, lng: 67.097690, accuracy:10.000000
lat: 24.929069, lng: 67.097685, accuracy:10.000000
lat: 24.929064, lng: 67.097679, accuracy:10.000000
lat: 24.929056, lng: 67.097667, accuracy:10.000000
lat: 24.929046, lng: 67.097654, accuracy:10.000000
lat: 24.929036, lng: 67.097643, accuracy:10.000000
lat: 24.929025, lng: 67.097633, accuracy:10.000000
lat: 24.929017, lng: 67.097624, accuracy:10.000000
lat: 24.929008, lng: 67.097613, accuracy:10.000000
lat: 24.929002, lng: 67.097602, accuracy:10.000000
lat: 24.928997, lng: 67.097598, accuracy:10.000000
lat: 24.928997, lng: 67.097598, accuracy:10.000000
lat: 24.928994, lng: 67.097602, accuracy:10.000000
lat: 24.928991, lng: 67.097596, accuracy:5.000000
lat: 24.928987, lng: 67.097585, accuracy:5.000000
lat: 24.928984, lng: 67.097571, accuracy:5.000000
lat: 24.928978, lng: 67.097553, accuracy:5.000000
lat: 24.928970, lng: 67.097533, accuracy:5.000000
lat: 24.928960, lng: 67.097518, accuracy:5.000000
lat: 24.928952, lng: 67.097510, accuracy:5.000000
lat: 24.928946, lng: 67.097502, accuracy:5.000000
lat: 24.928939, lng: 67.097495, accuracy:5.000000
lat: 24.928928, lng: 67.097480, accuracy:5.000000
lat: 24.928913, lng: 67.097460, accuracy:5.000000
lat: 24.928898, lng: 67.097439, accuracy:5.000000
lat: 24.928878, lng: 67.097416, accuracy:5.000000
lat: 24.928852, lng: 67.097386, accuracy:5.000000
lat: 24.928825, lng: 67.097353, accuracy:5.000000
lat: 24.928798, lng: 67.097317, accuracy:5.000000
lat: 24.928761, lng: 67.097274, accuracy:5.000000
lat: 24.928731, lng: 67.097234, accuracy:5.000000
lat: 24.928700, lng: 67.097196, accuracy:5.000000
lat: 24.928670, lng: 67.097150, accuracy:5.000000
lat: 24.928636, lng: 67.097097, accuracy:5.000000
lat: 24.928594, lng: 67.097044, accuracy:5.000000
lat: 24.928551, lng: 67.096987, accuracy:5.000000
lat: 24.928503, lng: 67.096924, accuracy:5.000000
lat: 24.928456, lng: 67.096859, accuracy:5.000000
lat: 24.928404, lng: 67.096796, accuracy:5.000000
lat: 24.928350, lng: 67.096733, accuracy:5.000000