lat: 24.922682, lng: 67.031835, accuracy:5.000000
lat: 24.922682, lng: 67.031835, accuracy:5.000000
lat: 24.922681, lng: 67.031840, accuracy:5.000000
lat: 24.930994, lng: 67.038204, accuracy:5.000000
lat: 24.930970, lng: 67.038221, accuracy:5.000000
lat: 24.930948, lng: 67.038244, accuracy:5.000000
lat: 24.930920, lng: 67.038261, accuracy:5.000000
lat: 24.930877, lng: 67.038312, accuracy:5.000000
lat: 24.930829, lng: 67.038360, accuracy:5.000000
lat: 24.930783, lng: 67.038433, accuracy:5.000000
lat: 24.930731, lng: 67.038509, accuracy:5.000000
lat: 24.930671, lng: 67.038593, accuracy:5.000000
lat: 24.930614, lng: 67.038668, accuracy:5.000000
lat: 24.930540, lng: 67.038757, accuracy:5.000000
lat: 24.930483, lng: 67.038836, accuracy:5.000000
lat: 24.930416, lng: 67.038910, accuracy:5.000000
lat: 24.930369, lng: 67.038970, accuracy:5.000000
lat: 24.930324, lng: 67.039022, accuracy:5.000000
lat: 24.930280, lng: 67.039072, accuracy:5.000000
lat: 24.930239, lng: 67.039122, accuracy:5.000000
lat: 24.930198, lng: 67.039174, accuracy:5.000000
lat: 24.930146, lng: 67.039231, accuracy:5.000000
lat: 24.930104, lng: 67.039290, accuracy:5.000000
lat: 24.930051, lng: 67.039363, accuracy:5.000000
lat: 24.930004, lng: 67.039436, accuracy:5.000000
lat: 24.929947, lng: 67.039516, accuracy:5.000000
lat: 24.929894, lng: 67.039594, accuracy:5.000000
lat: 24.929837, lng: 67.039681, accuracy:5.000000
lat: 24.929780, lng: 67.039775, accuracy:5.000000
lat: 24.929720, lng: 67.039855, accuracy:5.000000
lat: 24.929651, lng: 67.039952, accuracy:5.000000
lat: 24.929576, lng: 67.040045, accuracy:5.000000
lat: 24.929503, lng: 67.040143, accuracy:5.000000
lat: 24.929430, lng: 67.040257, accuracy:5.000000
lat: 24.929341, lng: 67.040359, accuracy:5.000000
lat: 24.929266, lng: 67.040465, accuracy:5.000000
lat: 24.929203, lng: 67.040577, accuracy:5.000000
lat: 24.929135, lng: 67.040679, accuracy:5.000000
lat: 24.929053, lng: 67.040791, accuracy:5.000000
lat: 24.928970, lng: 67.040901, accuracy:5.000000
lat: 24.928896, lng: 67.041005, accuracy:5.000000
lat: 24.928823, lng: 67.041097, accuracy:5.000000
lat: 24.928743, lng: 67.041202, accuracy:5.000000
lat: 24.928668, lng: 67.041307, accuracy:5.000000
lat: 24.928612, lng: 67.041408, accuracy:5.000000
lat: 24.928527, lng: 67.041516, accuracy:5.000000
lat: 24.928455, lng: 67.041632, accuracy:5.000000
lat: 24.928377, lng: 67.041720, accuracy:5.000000
lat: 24.928304, lng: 67.041813, accuracy:5.000000
lat: 24.928237, lng: 67.041904, accuracy:5.000000
lat: 24.928186, lng: 67.041962, accuracy:5.000000
lat: 24.928130, lng: 67.042030, accuracy:5.000000
lat: 24.928080, lng: 67.042102, accuracy:5.000000
lat: 24.928032, lng: 67.042191, accuracy:5.000000
lat: 24.927983, lng: 67.042263, accuracy:5.000000
lat: 24.927935, lng: 67.042329, accuracy:5.000000
lat: 24.927868, lng: 67.042403, accuracy:5.000000
lat: 24.927810, lng: 67.042477, accuracy:5.000000
lat: 24.927740, lng: 67.042554, accuracy:5.000000
lat: 24.927685, lng: 67.042608, accuracy:5.000000
lat: 24.927623, lng: 67.042689, accuracy:5.000000
lat: 24.927559, lng: 67.042771, accuracy:5.000000
lat: 24.927498, lng: 67.042858, accuracy:5.000000
lat: 24.927439, lng: 67.042944, accuracy:5.000000
lat: 24.927366, lng: 67.043033, accuracy:5.000000
lat: 24.927291, lng: 67.043132, accuracy:5.000000
lat: 24.927230, lng: 67.043219, accuracy:5.000000
lat: 24.927167, lng: 67.043302, accuracy:5.000000
lat: 24.927105, lng: 67.043391, accuracy:5.000000
lat: 24.927046, lng: 67.043474, accuracy:5.000000
lat: 24.926977, lng: 67.043564, accuracy:5.000000
lat: 24.926912, lng: 67.043655, accuracy:5.000000
lat: 24.926851, lng: 67.043741, accuracy:5.000000
lat: 24.926794, lng: 67.043831, accuracy:5.000000
lat: 24.926733, lng: 67.043902, accuracy:5.000000
lat: 24.926679, lng: 67.043986, accuracy:5.000000
lat: 24.926620, lng: 67.044060, accuracy:5.000000
lat: 24.926564, lng: 67.044141, accuracy:5.000000
lat: 24.926504, lng: 67.044233, accuracy:5.000000
lat: 24.926436, lng: 67.044304, accuracy:5.000000
lat: 24.926367, lng: 67.044390, accuracy:5.000000
lat: 24.926299, lng: 67.044479, accuracy:5.000000
lat: 24.926233, lng: 67.044569, accuracy:5.000000
lat: 24.926167, lng: 67.044650, accuracy:5.000000
lat: 24.926115, lng: 67.044721, accuracy:5.000000
lat: 24.926053, lng: 67.044808, accuracy:5.000000
lat: 24.925993, lng: 67.044895, accuracy:5.000000
lat: 24.925949, lng: 67.044944, accuracy:5.000000
lat: 24.925907, lng: 67.045011, accuracy:5.000000
lat: 24.925851, lng: 67.045073, accuracy:5.000000
lat: 24.925815, lng: 67.045134, accuracy:5.000000
lat: 24.925784, lng: 67.045191, accuracy:5.000000
lat: 24.925756, lng: 67.045245, accuracy:5.000000
lat: 24.925737, lng: 67.045292, accuracy:5.000000
lat: 24.925721, lng: 67.045338, accuracy:5.000000
lat: 24.925698, lng: 67.045376, accuracy:5.000000
lat: 24.925688, lng: 67.045415, accuracy:5.000000
lat: 24.925677, lng: 67.045448, accuracy:5.000000
lat: 24.925699, lng: 67.045456, accuracy:5.000000
lat: 24.925698, lng: 67.045467, accuracy:5.000000
lat: 24.925691, lng: 67.045464, accuracy:5.000000
lat: 24.925696, lng: 67.045494, accuracy:5.000000
lat: 24.925691, lng: 67.045523, accuracy:5.000000
lat: 24.925690, lng: 67.045542, accuracy:5.000000
lat: 24.925689, lng: 67.045564, accuracy:5.000000
lat: 24.925689, lng: 67.045585, accuracy:5.000000
lat: 24.925687, lng: 67.045611, accuracy:5.000000
lat: 24.925685, lng: 67.045642, accuracy:5.000000
lat: 24.925678, lng: 67.045674, accuracy:5.000000
lat: 24.925670, lng: 67.045705, accuracy:5.000000
lat: 24.925664, lng: 67.045732, accuracy:5.000000
lat: 24.925658, lng: 67.045759, accuracy:5.000000
lat: 24.925652, lng: 67.045786, accuracy:5.000000
lat: 24.925648, lng: 67.045813, accuracy:5.000000
lat: 24.925645, lng: 67.045840, accuracy:5.000000
lat: 24.925640, lng: 67.045864, accuracy:5.000000
lat: 24.925627, lng: 67.045888, accuracy:5.000000
lat: 24.925611, lng: 67.045907, accuracy:5.000000
lat: 24.925593, lng: 67.045924, accuracy:5.000000
lat: 24.925576, lng: 67.045940, accuracy:5.000000
lat: 24.925562, lng: 67.045952, accuracy:5.000000
lat: 24.925551, lng: 67.045961, accuracy:5.000000
lat: 24.925541, lng: 67.045967, accuracy:5.000000
lat: 24.925535, lng: 67.045970, accuracy:5.000000
lat: 24.925528, lng: 67.045976, accuracy:5.000000
lat: 24.925521, lng: 67.045983, accuracy:5.000000
lat: 24.925512, lng: 67.045989, accuracy:5.000000
lat: 24.925503, lng: 67.045996, accuracy:5.000000
lat: 24.925489, lng: 67.046003, accuracy:5.000000
lat: 24.925472, lng: 67.046010, accuracy:5.000000
lat: 24.925453, lng: 67.046016, accuracy:5.000000
lat: 24.925433, lng: 67.046019, accuracy:5.000000
lat: 24.925413, lng: 67.046021, accuracy:5.000000
lat: 24.925391, lng: 67.046023, accuracy:5.000000
lat: 24.925371, lng: 67.046025, accuracy:5.000000
lat: 24.925352, lng: 67.046025, accuracy:5.000000
lat: 24.925336, lng: 67.046021, accuracy:5.000000
lat: 24.925326, lng: 67.046017, accuracy:5.000000
lat: 24.925321, lng: 67.046014, accuracy:5.000000
lat: 24.925313, lng: 67.046014, accuracy:5.000000
lat: 24.925298, lng: 67.046013, accuracy:5.000000
lat: 24.925271, lng: 67.046011, accuracy:5.000000
lat: 24.925236, lng: 67.046003, accuracy:5.000000
lat: 24.925199, lng: 67.045988, accuracy:5.000000
lat: 24.925168, lng: 67.045963, accuracy:5.000000
lat: 24.925160, lng: 67.045889, accuracy:5.000000
lat: 24.925139, lng: 67.045842, accuracy:5.000000
lat: 24.925141, lng: 67.045793, accuracy:5.000000
lat: 24.925145, lng: 67.045753, accuracy:5.000000
lat: 24.925163, lng: 67.045715, accuracy:5.000000
lat: 24.925174, lng: 67.045686, accuracy:5.000000
lat: 24.925189, lng: 67.045650, accuracy:5.000000
lat: 24.925199, lng: 67.045618, accuracy:5.000000
lat: 24.925210, lng: 67.045592, accuracy:5.000000
lat: 24.925225, lng: 67.045571, accuracy:5.000000
lat: 24.925248, lng: 67.045534, accuracy:5.000000
lat: 24.925268, lng: 67.045502, accuracy:5.000000
lat: 24.925290, lng: 67.045475, accuracy:5.000000
lat: 24.925309, lng: 67.045448, accuracy:5.000000
lat: 24.925329, lng: 67.045427, accuracy:5.000000
lat: 24.925349, lng: 67.045409, accuracy:5.000000
lat: 24.925369, lng: 67.045392, accuracy:5.000000
lat: 24.925389, lng: 67.045383, accuracy:5.000000
lat: 24.925415, lng: 67.045378, accuracy:5.000000
lat: 24.925445, lng: 67.045379, accuracy:5.000000
lat: 24.925473, lng: 67.045383, accuracy:5.000000
lat: 24.925500, lng: 67.045393, accuracy:5.000000
lat: 24.925521, lng: 67.045406, accuracy:5.000000
lat: 24.925536, lng: 67.045421, accuracy:5.000000
lat: 24.925546, lng: 67.045436, accuracy:5.000000
lat: 24.925559, lng: 67.045456, accuracy:5.000000
lat: 24.925576, lng: 67.045480, accuracy:5.000000
lat: 24.925589, lng: 67.045507, accuracy:5.000000
lat: 24.925599, lng: 67.045536, accuracy:5.000000
lat: 24.925607, lng: 67.045566, accuracy:5.000000
lat: 24.925611, lng: 67.045592, accuracy:5.000000
lat: 24.925612, lng: 67.045618, accuracy:5.000000
lat: 24.925616, lng: 67.045640, accuracy:5.000000
lat: 24.925619, lng: 67.045660, accuracy:5.000000
lat: 24.925621, lng: 67.045680, accuracy:5.000000
lat: 24.925623, lng: 67.045700, accuracy:5.000000
lat: 24.925624, lng: 67.045723, accuracy:5.000000
lat: 24.925627, lng: 67.045747, accuracy:5.000000
lat: 24.925628, lng: 67.045774, accuracy:5.000000
lat: 24.925628, lng: 67.045800, accuracy:5.000000
lat: 24.925626, lng: 67.045823, accuracy:5.000000
lat: 24.925623, lng: 67.045846, accuracy:5.000000
lat: 24.925618, lng: 67.045870, accuracy:5.000000
lat: 24.925614, lng: 67.045898, accuracy:5.000000
lat: 24.925604, lng: 67.045921, accuracy:5.000000
lat: 24.925590, lng: 67.045937, accuracy:5.000000
lat: 24.925572, lng: 67.045950, accuracy:5.000000
lat: 24.925556, lng: 67.045961, accuracy:5.000000
lat: 24.925542, lng: 67.045971, accuracy:5.000000
lat: 24.925532, lng: 67.045976, accuracy:5.000000
lat: 24.925528, lng: 67.045977, accuracy:5.000000
lat: 24.925526, lng: 67.045977, accuracy:5.000000
lat: 24.925523, lng: 67.045978, accuracy:5.000000
lat: 24.925519, lng: 67.045980, accuracy:5.000000
lat: 24.925514, lng: 67.045984, accuracy:5.000000
lat: 24.925506, lng: 67.045988, accuracy:5.000000
lat: 24.925495, lng: 67.045993, accuracy:5.000000
lat: 24.925482, lng: 67.045998, accuracy:5.000000
lat: 24.925466, lng: 67.046004, accuracy:5.000000
lat: 24.925447, lng: 67.046007, accuracy:5.000000
lat: 24.925429, lng: 67.046008, accuracy:5.000000
lat: 24.925411, lng: 67.046009, accuracy:5.000000
lat: 24.925393, lng: 67.046010, accuracy:5.000000
lat: 24.925377, lng: 67.046011, accuracy:5.000000
lat: 24.925364, lng: 67.046013, accuracy:5.000000
lat: 24.925346, lng: 67.046015, accuracy:5.000000
lat: 24.925326, lng: 67.046016, accuracy:5.000000
lat: 24.925310, lng: 67.046017, accuracy:5.000000
lat: 24.925297, lng: 67.046017, accuracy:5.000000
lat: 24.925275, lng: 67.046014, accuracy:5.000000
lat: 24.925253, lng: 67.046012, accuracy:5.000000
lat: 24.925236, lng: 67.046012, accuracy:5.000000
lat: 24.925217, lng: 67.046013, accuracy:5.000000
lat: 24.925187, lng: 67.046008, accuracy:5.000000
lat: 24.925148, lng: 67.046000, accuracy:5.000000
lat: 24.925110, lng: 67.045991, accuracy:5.000000
lat: 24.925065, lng: 67.045986, accuracy:5.000000
lat: 24.925016, lng: 67.045984, accuracy:5.000000
lat: 24.924967, lng: 67.045986, accuracy:5.000000
lat: 24.924928, lng: 67.045994, accuracy:5.000000
lat: 24.924472, lng: 67.050583, accuracy:5.000000
lat: 24.924448, lng: 67.050630, accuracy:5.000000
lat: 24.924417, lng: 67.050681, accuracy:5.000000
lat: 24.924388, lng: 67.050732, accuracy:5.000000
lat: 24.924344, lng: 67.050754, accuracy:5.000000
lat: 24.924312, lng: 67.050792, accuracy:5.000000
lat: 24.924298, lng: 67.050819, accuracy:5.000000
lat: 24.924286, lng: 67.050848, accuracy:5.000000
lat: 24.924257, lng: 67.050876, accuracy:5.000000
lat: 24.924231, lng: 67.050898, accuracy:5.000000
lat: 24.924210, lng: 67.050910, accuracy:5.000000
lat: 24.924181, lng: 67.050914, accuracy:5.000000
lat: 24.924154, lng: 67.050903, accuracy:5.000000
lat: 24.924128, lng: 67.050884, accuracy:5.000000
lat: 24.924102, lng: 67.050864, accuracy:5.000000
lat: 24.924054, lng: 67.050826, accuracy:5.000000
lat: 24.924010, lng: 67.050798, accuracy:5.000000
lat: 24.923969, lng: 67.050764, accuracy:5.000000
lat: 24.923935, lng: 67.050731, accuracy:5.000000
lat: 24.923903, lng: 67.050699, accuracy:5.000000
lat: 24.923857, lng: 67.050673, accuracy:5.000000
lat: 24.923818, lng: 67.050638, accuracy:5.000000
lat: 24.923772, lng: 67.050592, accuracy:5.000000
lat: 24.923738, lng: 67.050547, accuracy:5.000000
lat: 24.923706, lng: 67.050515, accuracy:5.000000
lat: 24.923682, lng: 67.050487, accuracy:5.000000
lat: 24.923668, lng: 67.050479, accuracy:5.000000
lat: 24.923659, lng: 67.050468, accuracy:5.000000
lat: 24.923650, lng: 67.050448, accuracy:5.000000
lat: 24.923614, lng: 67.050451, accuracy:5.000000
lat: 24.923599, lng: 67.050438, accuracy:5.000000
lat: 24.923588, lng: 67.050432, accuracy:5.000000
lat: 24.923568, lng: 67.050417, accuracy:5.000000
lat: 24.923549, lng: 67.050400, accuracy:5.000000
lat: 24.923521, lng: 67.050378, accuracy:5.000000
lat: 24.923497, lng: 67.050347, accuracy:5.000000
lat: 24.923452, lng: 67.050314, accuracy:5.000000
lat: 24.923407, lng: 67.050272, accuracy:5.000000
lat: 24.923365, lng: 67.050237, accuracy:5.000000
lat: 24.923313, lng: 67.050197, accuracy:5.000000
lat: 24.923252, lng: 67.050150, accuracy:5.000000
lat: 24.923194, lng: 67.050100, accuracy:5.000000
lat: 24.923149, lng: 67.050044, accuracy:5.000000
lat: 24.923080, lng: 67.050008, accuracy:5.000000
lat: 24.923035, lng: 67.049959, accuracy:5.000000
lat: 24.922994, lng: 67.049927, accuracy:5.000000
lat: 24.922967, lng: 67.049896, accuracy:5.000000
lat: 24.922954, lng: 67.049897, accuracy:5.000000
lat: 24.922938, lng: 67.049913, accuracy:5.000000
lat: 24.922907, lng: 67.049928, accuracy:5.000000
lat: 24.922864, lng: 67.049972, accuracy:10.000000
lat: 24.922835, lng: 67.050010, accuracy:10.000000
lat: 24.922783, lng: 67.050060, accuracy:10.000000
lat: 24.922738, lng: 67.050113, accuracy:10.000000
lat: 24.922695, lng: 67.050187, accuracy:10.000000
lat: 24.922636, lng: 67.050251, accuracy:10.000000
lat: 24.922595, lng: 67.050318, accuracy:10.000000
lat: 24.922558, lng: 67.050380, accuracy:10.000000
lat: 24.922525, lng: 67.050426, accuracy:10.000000
lat: 24.922519, lng: 67.050442, accuracy:10.000000
lat: 24.922511, lng: 67.050452, accuracy:10.000000
lat: 24.922507, lng: 67.050476, accuracy:10.000000
lat: 24.922494, lng: 67.050496, accuracy:10.000000
lat: 24.922478, lng: 67.050513, accuracy:10.000000
lat: 24.922458, lng: 67.050540, accuracy:10.000000
lat: 24.922436, lng: 67.050567, accuracy:10.000000
lat: 24.922417, lng: 67.050593, accuracy:10.000000
lat: 24.922399, lng: 67.050615, accuracy:10.000000
lat: 24.922385, lng: 67.050634, accuracy:10.000000
lat: 24.922377, lng: 67.050644, accuracy:10.000000
lat: 24.922368, lng: 67.050655, accuracy:10.000000
lat: 24.922359, lng: 67.050664, accuracy:10.000000
lat: 24.922347, lng: 67.050679, accuracy:10.000000
lat: 24.922330, lng: 67.050700, accuracy:10.000000
lat: 24.922307, lng: 67.050726, accuracy:10.000000
lat: 24.922286, lng: 67.050748, accuracy:10.000000
lat: 24.922271, lng: 67.050763, accuracy:10.000000
lat: 24.922258, lng: 67.050774, accuracy:10.000000
lat: 24.922250, lng: 67.050781, accuracy:10.000000
lat: 24.922242, lng: 67.050791, accuracy:10.000000
lat: 24.922229, lng: 67.050804, accuracy:10.000000
lat: 24.922212, lng: 67.050823, accuracy:10.000000
lat: 24.922190, lng: 67.050851, accuracy:10.000000
lat: 24.922165, lng: 67.050887, accuracy:10.000000
lat: 24.922135, lng: 67.050923, accuracy:10.000000
lat: 24.922103, lng: 67.050960, accuracy:10.000000
lat: 24.922059, lng: 67.051003, accuracy:10.000000
lat: 24.922021, lng: 67.051037, accuracy:10.000000
lat: 24.921989, lng: 67.051080, accuracy:10.000000
lat: 24.921956, lng: 67.051133, accuracy:10.000000
lat: 24.921930, lng: 67.051176, accuracy:10.000000
lat: 24.921907, lng: 67.051211, accuracy:10.000000
lat: 24.921894, lng: 67.051245, accuracy:10.000000
lat: 24.921875, lng: 67.051274, accuracy:10.000000
lat: 24.921862, lng: 67.051295, accuracy:10.000000
lat: 24.921841, lng: 67.051301, accuracy:10.000000
lat: 24.921824, lng: 67.051320, accuracy:10.000000
lat: 24.921813, lng: 67.051332, accuracy:10.000000
lat: 24.921807, lng: 67.051339, accuracy:10.000000
lat: 24.921800, lng: 67.051349, accuracy:10.000000
lat: 24.921786, lng: 67.051366, accuracy:10.000000
lat: 24.921767, lng: 67.051389, accuracy:10.000000
lat: 24.921747, lng: 67.051411, accuracy:10.000000
lat: 24.921729, lng: 67.051429, accuracy:10.000000
lat: 24.921711, lng: 67.051443, accuracy:10.000000
lat: 24.921694, lng: 67.051455, accuracy:10.000000
lat: 24.921677, lng: 67.051471, accuracy:10.000000
lat: 24.921658, lng: 67.051498, accuracy:10.000000
lat: 24.921656, lng: 67.051507, accuracy:10.000000
lat: 24.921658, lng: 67.051506, accuracy:10.000000
lat: 24.921658, lng: 67.051506, accuracy:10.000000
lat: 24.921658, lng: 67.051506, accuracy:10.000000
lat: 24.921658, lng: 67.051506, accuracy:10.000000
lat: 24.921658, lng: 67.051506, accuracy:10.000000
lat: 24.921654, lng: 67.051517, accuracy:10.000000
lat: 24.921648, lng: 67.051531, accuracy:10.000000
lat: 24.921635, lng: 67.051549, accuracy:10.000000
lat: 24.921622, lng: 67.051566, accuracy:10.000000
lat: 24.921608, lng: 67.051583, accuracy:10.000000
lat: 24.921596, lng: 67.051595, accuracy:10.000000
lat: 24.921583, lng: 67.051608, accuracy:10.000000
lat: 24.921566, lng: 67.051624, accuracy:10.000000
lat: 24.921552, lng: 67.051638, accuracy:10.000000
lat: 24.921529, lng: 67.051658, accuracy:10.000000
lat: 24.921506, lng: 67.051686, accuracy:10.000000
lat: 24.921487, lng: 67.051709, accuracy:10.000000
lat: 24.921472, lng: 67.051721, accuracy:10.000000
lat: 24.921455, lng: 67.051732, accuracy:10.000000
lat: 24.921441, lng: 67.051749, accuracy:10.000000
lat: 24.921423, lng: 67.051774, accuracy:10.000000
lat: 24.921405, lng: 67.051797, accuracy:10.000000
lat: 24.921389, lng: 67.051819, accuracy:10.000000
lat: 24.921373, lng: 67.051839, accuracy:10.000000
lat: 24.921362, lng: 67.051854, accuracy:10.000000
lat: 24.921352, lng: 67.051863, accuracy:10.000000
lat: 24.921342, lng: 67.051874, accuracy:10.000000
lat: 24.921329, lng: 67.051886, accuracy:10.000000
lat: 24.921312, lng: 67.051907, accuracy:10.000000
lat: 24.921295, lng: 67.051928, accuracy:10.000000
lat: 24.921276, lng: 67.051954, accuracy:10.000000
lat: 24.921260, lng: 67.051985, accuracy:10.000000
lat: 24.921226, lng: 67.052029, accuracy:10.000000
lat: 24.921194, lng: 67.052073, accuracy:10.000000
lat: 24.921168, lng: 67.052124, accuracy:10.000000
lat: 24.921130, lng: 67.052168, accuracy:10.000000
lat: 24.921084, lng: 67.052221, accuracy:10.000000
lat: 24.921032, lng: 67.052265, accuracy:10.000000
lat: 24.920987, lng: 67.052307, accuracy:10.000000
lat: 24.920957, lng: 67.052340, accuracy:10.000000
lat: 24.920918, lng: 67.052378, accuracy:10.000000
lat: 24.920865, lng: 67.052418, accuracy:10.000000
lat: 24.920818, lng: 67.052462, accuracy:10.000000
lat: 24.920774, lng: 67.052510, accuracy:10.000000
lat: 24.920755, lng: 67.052529, accuracy:10.000000
lat: 24.920735, lng: 67.052553, accuracy:10.000000
lat: 24.920701, lng: 67.052587, accuracy:10.000000
lat: 24.920683, lng: 67.052604, accuracy:10.000000
lat: 24.920675, lng: 67.052617, accuracy:10.000000
lat: 24.920669, lng: 67.052622, accuracy:10.000000
lat: 24.920660, lng: 67.052630, accuracy:10.000000
lat: 24.920643, lng: 67.052648, accuracy:10.000000
lat: 24.920625, lng: 67.052669, accuracy:10.000000
lat: 24.920603, lng: 67.052694, accuracy:10.000000
lat: 24.920570, lng: 67.052728, accuracy:10.000000
lat: 24.920519, lng: 67.052767, accuracy:10.000000
lat: 24.920472, lng: 67.052801, accuracy:10.000000
lat: 24.920440, lng: 67.052835, accuracy:10.000000
lat: 24.920395, lng: 67.052884, accuracy:10.000000
lat: 24.920373, lng: 67.052928, accuracy:10.000000
lat: 24.920345, lng: 67.052971, accuracy:10.000000
lat: 24.920324, lng: 67.052995, accuracy:10.000000
lat: 24.920315, lng: 67.053009, accuracy:10.000000
lat: 24.920331, lng: 67.053041, accuracy:10.000000
lat: 24.920338, lng: 67.053075, accuracy:10.000000
lat: 24.920347, lng: 67.053089, accuracy:10.000000
lat: 24.920359, lng: 67.053102, accuracy:10.000000
lat: 24.920376, lng: 67.053121, accuracy:10.000000
lat: 24.920399, lng: 67.053147, accuracy:10.000000
lat: 24.920423, lng: 67.053183, accuracy:10.000000
lat: 24.920453, lng: 67.053237, accuracy:10.000000
lat: 24.920493, lng: 67.053288, accuracy:10.000000
lat: 24.920533, lng: 67.053345, accuracy:10.000000
lat: 24.920594, lng: 67.053400, accuracy:10.000000
lat: 24.920626, lng: 67.053473, accuracy:10.000000
lat: 24.920680, lng: 67.053530, accuracy:10.000000
lat: 24.920730, lng: 67.053592, accuracy:10.000000
lat: 24.920780, lng: 67.053647, accuracy:10.000000
lat: 24.920827, lng: 67.053706, accuracy:10.000000
lat: 24.920893, lng: 67.053745, accuracy:10.000000
lat: 24.920949, lng: 67.053783, accuracy:10.000000
lat: 24.921010, lng: 67.053821, accuracy:10.000000
lat: 24.921035, lng: 67.053863, accuracy:10.000000
lat: 24.921063, lng: 67.053889, accuracy:10.000000
lat: 24.921091, lng: 67.053925, accuracy:10.000000
lat: 24.921130, lng: 67.053958, accuracy:10.000000
lat: 24.921155, lng: 67.054004, accuracy:10.000000
lat: 24.921198, lng: 67.054048, accuracy:10.000000
lat: 24.921235, lng: 67.054096, accuracy:10.000000
lat: 24.921275, lng: 67.054141, accuracy:10.000000
lat: 24.921318, lng: 67.054181, accuracy:10.000000
lat: 24.921347, lng: 67.054214, accuracy:10.000000
lat: 24.921368, lng: 67.054236, accuracy:10.000000
lat: 24.921386, lng: 67.054262, accuracy:10.000000
lat: 24.921421, lng: 67.054290, accuracy:10.000000
lat: 24.921467, lng: 67.054317, accuracy:10.000000
lat: 24.921501, lng: 67.054357, accuracy:10.000000
lat: 24.921517, lng: 67.054403, accuracy:10.000000
lat: 24.921574, lng: 67.054434, accuracy:10.000000
lat: 24.921633, lng: 67.054462, accuracy:10.000000
lat: 24.921658, lng: 67.054495, accuracy:10.000000
lat: 24.921667, lng: 67.054530, accuracy:10.000000
lat: 24.921668, lng: 67.054568, accuracy:10.000000
lat: 24.921679, lng: 67.054589, accuracy:10.000000
lat: 24.921683, lng: 67.054607, accuracy:10.000000
lat: 24.921651, lng: 67.054649, accuracy:10.000000
lat: 24.921620, lng: 67.054675, accuracy:10.000000
lat: 24.921592, lng: 67.054695, accuracy:10.000000
lat: 24.921557, lng: 67.054721, accuracy:10.000000
lat: 24.921494, lng: 67.054766, accuracy:10.000000
lat: 24.921437, lng: 67.054809, accuracy:10.000000
lat: 24.921385, lng: 67.054848, accuracy:10.000000
lat: 24.921377, lng: 67.054866, accuracy:10.000000
lat: 24.921345, lng: 67.054904, accuracy:10.000000
lat: 24.921322, lng: 67.054928, accuracy:10.000000
lat: 24.921305, lng: 67.054958, accuracy:10.000000
lat: 24.921297, lng: 67.054975, accuracy:10.000000
lat: 24.921278, lng: 67.054992, accuracy:10.000000
lat: 24.921262, lng: 67.055012, accuracy:10.000000
lat: 24.921232, lng: 67.055036, accuracy:10.000000
lat: 24.921205, lng: 67.055056, accuracy:10.000000
lat: 24.921182, lng: 67.055074, accuracy:10.000000
lat: 24.921161, lng: 67.055093, accuracy:10.000000
lat: 24.921133, lng: 67.055119, accuracy:10.000000
lat: 24.921103, lng: 67.055154, accuracy:10.000000
lat: 24.921078, lng: 67.055199, accuracy:10.000000
lat: 24.921053, lng: 67.055226, accuracy:10.000000
lat: 24.921021, lng: 67.055238, accuracy:10.000000
lat: 24.920996, lng: 67.055259, accuracy:10.000000
lat: 24.920972, lng: 67.055283, accuracy:10.000000
lat: 24.920948, lng: 67.055296, accuracy:10.000000
lat: 24.920919, lng: 67.055322, accuracy:10.000000
lat: 24.920889, lng: 67.055345, accuracy:10.000000
lat: 24.920869, lng: 67.055359, accuracy:10.000000
lat: 24.920851, lng: 67.055376, accuracy:10.000000
lat: 24.920836, lng: 67.055385, accuracy:10.000000
lat: 24.920826, lng: 67.055394, accuracy:10.000000
lat: 24.920818, lng: 67.055399, accuracy:10.000000
lat: 24.920813, lng: 67.055403, accuracy:10.000000
lat: 24.920805, lng: 67.055410, accuracy:10.000000
lat: 24.920794, lng: 67.055421, accuracy:10.000000
lat: 24.920783, lng: 67.055434, accuracy:10.000000
lat: 24.920777, lng: 67.055445, accuracy:10.000000
lat: 24.920774, lng: 67.055453, accuracy:10.000000
lat: 24.920775, lng: 67.055458, accuracy:10.000000
lat: 24.920776, lng: 67.055465, accuracy:10.000000
lat: 24.920779, lng: 67.055477, accuracy:10.000000
lat: 24.920785, lng: 67.055499, accuracy:5.000000
lat: 24.920797, lng: 67.055529, accuracy:5.000000
lat: 24.920817, lng: 67.055569, accuracy:5.000000
lat: 24.920867, lng: 67.055637, accuracy:5.000000
lat: 24.920909, lng: 67.055696, accuracy:5.000000
lat: 24.920963, lng: 67.055744, accuracy:5.000000
lat: 24.921013, lng: 67.055812, accuracy:5.000000
lat: 24.921072, lng: 67.055882, accuracy:5.000000
lat: 24.921139, lng: 67.055959, accuracy:5.000000
lat: 24.921199, lng: 67.056042, accuracy:5.000000
lat: 24.921270, lng: 67.056117, accuracy:5.000000
lat: 24.921330, lng: 67.056197, accuracy:5.000000
lat: 24.921404, lng: 67.056271, accuracy:5.000000
lat: 24.921465, lng: 67.056353, accuracy:5.000000
lat: 24.921517, lng: 67.056432, accuracy:5.000000
lat: 24.921583, lng: 67.056516, accuracy:5.000000
lat: 24.921656, lng: 67.056607, accuracy:5.000000
lat: 24.921730, lng: 67.056687, accuracy:5.000000
lat: 24.921798, lng: 67.056774, accuracy:5.000000
lat: 24.921861, lng: 67.056858, accuracy:5.000000
lat: 24.921926, lng: 67.056947, accuracy:5.000000
lat: 24.921997, lng: 67.057018, accuracy:5.000000
lat: 24.922057, lng: 67.057104, accuracy:5.000000
lat: 24.922151, lng: 67.057163, accuracy:5.000000
lat: 24.922226, lng: 67.057253, accuracy:5.000000
lat: 24.922293, lng: 67.057346, accuracy:5.000000
lat: 24.922371, lng: 67.057447, accuracy:5.000000
lat: 24.922447, lng: 67.057543, accuracy:5.000000
lat: 24.922517, lng: 67.057644, accuracy:5.000000
lat: 24.922601, lng: 67.057754, accuracy:5.000000
lat: 24.922691, lng: 67.057854, accuracy:5.000000
lat: 24.922774, lng: 67.057956, accuracy:5.000000
lat: 24.922855, lng: 67.058052, accuracy:5.000000
lat: 24.922941, lng: 67.058160, accuracy:5.000000
lat: 24.923022, lng: 67.058265, accuracy:5.000000
lat: 24.923103, lng: 67.058364, accuracy:5.000000
lat: 24.923178, lng: 67.058451, accuracy:5.000000
lat: 24.923263, lng: 67.058547, accuracy:5.000000
lat: 24.923342, lng: 67.058644, accuracy:5.000000
lat: 24.923427, lng: 67.058740, accuracy:5.000000
lat: 24.923504, lng: 67.058835, accuracy:5.000000
lat: 24.923556, lng: 67.058936, accuracy:5.000000
lat: 24.923630, lng: 67.059032, accuracy:5.000000
lat: 24.923694, lng: 67.059126, accuracy:5.000000
lat: 24.923762, lng: 67.059215, accuracy:5.000000
lat: 24.923828, lng: 67.059316, accuracy:5.000000
lat: 24.923905, lng: 67.059411, accuracy:5.000000
lat: 24.923984, lng: 67.059500, accuracy:5.000000
lat: 24.924060, lng: 67.059589, accuracy:5.000000
lat: 24.924132, lng: 67.059673, accuracy:5.000000
lat: 24.924206, lng: 67.059768, accuracy:5.000000
lat: 24.924270, lng: 67.059857, accuracy:5.000000
lat: 24.924327, lng: 67.059939, accuracy:5.000000
lat: 24.924386, lng: 67.060017, accuracy:5.000000
lat: 24.924446, lng: 67.060095, accuracy:5.000000
lat: 24.924507, lng: 67.060164, accuracy:5.000000
lat: 24.924565, lng: 67.060237, accuracy:5.000000
lat: 24.924628, lng: 67.060319, accuracy:5.000000
lat: 24.924693, lng: 67.060396, accuracy:5.000000
lat: 24.924772, lng: 67.060469, accuracy:5.000000
lat: 24.924835, lng: 67.060550, accuracy:5.000000
lat: 24.924903, lng: 67.060624, accuracy:5.000000
lat: 24.924966, lng: 67.060697, accuracy:5.000000
lat: 24.925030, lng: 67.060762, accuracy:5.000000
lat: 24.925084, lng: 67.060831, accuracy:5.000000
lat: 24.925146, lng: 67.060887, accuracy:5.000000
lat: 24.925202, lng: 67.060967, accuracy:5.000000
lat: 24.925252, lng: 67.061033, accuracy:5.000000
lat: 24.925301, lng: 67.061085, accuracy:5.000000
lat: 24.925331, lng: 67.061134, accuracy:5.000000
lat: 24.925366, lng: 67.061177, accuracy:5.000000
lat: 24.925393, lng: 67.061225, accuracy:5.000000
lat: 24.925432, lng: 67.061270, accuracy:5.000000
lat: 24.925461, lng: 67.061316, accuracy:5.000000
lat: 24.925502, lng: 67.061360, accuracy:5.000000
lat: 24.925546, lng: 67.061411, accuracy:5.000000
lat: 24.925596, lng: 67.061461, accuracy:5.000000
lat: 24.925621, lng: 67.061510, accuracy:5.000000
lat: 24.925658, lng: 67.061563, accuracy:5.000000
lat: 24.925691, lng: 67.061612, accuracy:5.000000
lat: 24.925742, lng: 67.061659, accuracy:5.000000
lat: 24.925781, lng: 67.061706, accuracy:5.000000
lat: 24.925823, lng: 67.061762, accuracy:5.000000
lat: 24.925871, lng: 67.061821, accuracy:5.000000
lat: 24.925914, lng: 67.061880, accuracy:5.000000
lat: 24.925957, lng: 67.061925, accuracy:5.000000
lat: 24.926003, lng: 67.061958, accuracy:5.000000
lat: 24.926033, lng: 67.062033, accuracy:5.000000
lat: 24.926068, lng: 67.062068, accuracy:5.000000
lat: 24.926102, lng: 67.062103, accuracy:5.000000
lat: 24.926132, lng: 67.062131, accuracy:5.000000
lat: 24.926151, lng: 67.062157, accuracy:5.000000
lat: 24.926169, lng: 67.062142, accuracy:5.000000
lat: 24.926185, lng: 67.062146, accuracy:5.000000
lat: 24.926195, lng: 67.062152, accuracy:5.000000
lat: 24.926195, lng: 67.062152, accuracy:5.000000
lat: 24.926190, lng: 67.062162, accuracy:5.000000
lat: 24.926190, lng: 67.062162, accuracy:5.000000
lat: 24.926190, lng: 67.062162, accuracy:5.000000
lat: 24.926190, lng: 67.062162, accuracy:5.000000
lat: 24.926190, lng: 67.062162, accuracy:5.000000
lat: 24.926190, lng: 67.062162, accuracy:5.000000
lat: 24.926190, lng: 67.062162, accuracy:5.000000
lat: 24.926190, lng: 67.062162, accuracy:5.000000
lat: 24.926166, lng: 67.062203, accuracy:5.000000
lat: 24.926166, lng: 67.062201, accuracy:5.000000
lat: 24.926166, lng: 67.062187, accuracy:5.000000
lat: 24.926166, lng: 67.062194, accuracy:5.000000
lat: 24.926167, lng: 67.062192, accuracy:10.000000
lat: 24.926167, lng: 67.062192, accuracy:5.000000
lat: 24.926167, lng: 67.062192, accuracy:5.000000
lat: 24.926167, lng: 67.062192, accuracy:5.000000
lat: 24.926167, lng: 67.062192, accuracy:5.000000
lat: 24.926167, lng: 67.062192, accuracy:5.000000
lat: 24.926167, lng: 67.062192, accuracy:5.000000
lat: 24.926172, lng: 67.062168, accuracy:5.000000
lat: 24.926172, lng: 67.062168, accuracy:5.000000
lat: 24.926172, lng: 67.062168, accuracy:5.000000
lat: 24.926179, lng: 67.062163, accuracy:5.000000
lat: 24.926182, lng: 67.062164, accuracy:5.000000
lat: 24.926182, lng: 67.062164, accuracy:5.000000
lat: 24.926182, lng: 67.062164, accuracy:5.000000
lat: 24.926182, lng: 67.062164, accuracy:5.000000
lat: 24.926182, lng: 67.062164, accuracy:5.000000
lat: 24.926182, lng: 67.062164, accuracy:5.000000
lat: 24.926182, lng: 67.062164, accuracy:5.000000
lat: 24.926182, lng: 67.062164, accuracy:5.000000
lat: 24.926182, lng: 67.062164, accuracy:5.000000
lat: 24.926208, lng: 67.062173, accuracy:5.000000
lat: 24.926208, lng: 67.062173, accuracy:5.000000
lat: 24.926208, lng: 67.062173, accuracy:5.000000
lat: 24.926208, lng: 67.062173, accuracy:5.000000
lat: 24.926208, lng: 67.062173, accuracy:5.000000
lat: 24.926208, lng: 67.062173, accuracy:5.000000
lat: 24.926208, lng: 67.062173, accuracy:5.000000
lat: 24.926208, lng: 67.062173, accuracy:5.000000
lat: 24.926208, lng: 67.062173, accuracy:5.000000
lat: 24.926209, lng: 67.062168, accuracy:5.000000
lat: 24.926209, lng: 67.062168, accuracy:5.000000
lat: 24.926209, lng: 67.062168, accuracy:5.000000
lat: 24.926209, lng: 67.062168, accuracy:5.000000
lat: 24.926209, lng: 67.062168, accuracy:5.000000
lat: 24.926217, lng: 67.062171, accuracy:5.000000
lat: 24.926220, lng: 67.062171, accuracy:5.000000
lat: 24.926220, lng: 67.062171, accuracy:5.000000
lat: 24.926220, lng: 67.062171, accuracy:5.000000
lat: 24.926220, lng: 67.062171, accuracy:5.000000
lat: 24.926220, lng: 67.062171, accuracy:5.000000
lat: 24.926231, lng: 67.062168, accuracy:5.000000
lat: 24.926237, lng: 67.062172, accuracy:5.000000
lat: 24.926246, lng: 67.062179, accuracy:5.000000
lat: 24.926260, lng: 67.062190, accuracy:5.000000
lat: 24.926279, lng: 67.062210, accuracy:5.000000
lat: 24.926293, lng: 67.062234, accuracy:5.000000
lat: 24.926312, lng: 67.062273, accuracy:5.000000
lat: 24.926349, lng: 67.062329, accuracy:5.000000
lat: 24.926390, lng: 67.062348, accuracy:5.000000
lat: 24.926426, lng: 67.062381, accuracy:5.000000
lat: 24.926466, lng: 67.062430, accuracy:5.000000
lat: 24.926503, lng: 67.062457, accuracy:5.000000
lat: 24.926535, lng: 67.062504, accuracy:5.000000
lat: 24.926570, lng: 67.062554, accuracy:5.000000
lat: 24.926584, lng: 67.062575, accuracy:5.000000
lat: 24.926601, lng: 67.062602, accuracy:5.000000
lat: 24.926623, lng: 67.062617, accuracy:5.000000
lat: 24.926644, lng: 67.062620, accuracy:5.000000
lat: 24.926668, lng: 67.062618, accuracy:5.000000
lat: 24.926695, lng: 67.062601, accuracy:5.000000
lat: 24.926714, lng: 67.062583, accuracy:5.000000
lat: 24.926731, lng: 67.062561, accuracy:5.000000
lat: 24.926751, lng: 67.062534, accuracy:5.000000
lat: 24.926774, lng: 67.062508, accuracy:5.000000
lat: 24.926800, lng: 67.062483, accuracy:5.000000
lat: 24.926829, lng: 67.062456, accuracy:5.000000
lat: 24.926860, lng: 67.062427, accuracy:5.000000
lat: 24.926893, lng: 67.062394, accuracy:5.000000
lat: 24.926926, lng: 67.062363, accuracy:5.000000
lat: 24.926958, lng: 67.062332, accuracy:5.000000
lat: 24.926998, lng: 67.062294, accuracy:5.000000
lat: 24.927038, lng: 67.062254, accuracy:5.000000
lat: 24.927069, lng: 67.062213, accuracy:5.000000
lat: 24.927092, lng: 67.062173, accuracy:5.000000
lat: 24.927085, lng: 67.062146, accuracy:5.000000
lat: 24.927081, lng: 67.062111, accuracy:5.000000
lat: 24.927055, lng: 67.062076, accuracy:5.000000
lat: 24.927035, lng: 67.062039, accuracy:5.000000
lat: 24.926997, lng: 67.061999, accuracy:5.000000
lat: 24.926961, lng: 67.061953, accuracy:5.000000
lat: 24.926939, lng: 67.061908, accuracy:5.000000
lat: 24.926922, lng: 67.061883, accuracy:5.000000
lat: 24.926933, lng: 67.061883, accuracy:5.000000
lat: 24.926918, lng: 67.061870, accuracy:5.000000
lat: 24.926901, lng: 67.061852, accuracy:5.000000
lat: 24.926864, lng: 67.061821, accuracy:5.000000
lat: 24.926837, lng: 67.061790, accuracy:5.000000
lat: 24.926807, lng: 67.061763, accuracy:5.000000
lat: 24.926783, lng: 67.061734, accuracy:5.000000
lat: 24.926760, lng: 67.061709, accuracy:5.000000
lat: 24.926740, lng: 67.061688, accuracy:5.000000
lat: 24.926732, lng: 67.061671, accuracy:5.000000
lat: 24.926727, lng: 67.061651, accuracy:5.000000
lat: 24.926721, lng: 67.061633, accuracy:5.000000
lat: 24.926704, lng: 67.061613, accuracy:5.000000
lat: 24.926671, lng: 67.061591, accuracy:5.000000
lat: 24.926646, lng: 67.061558, accuracy:5.000000
lat: 24.926601, lng: 67.061523, accuracy:5.000000
lat: 24.926569, lng: 67.061478, accuracy:5.000000
lat: 24.926530, lng: 67.061435, accuracy:5.000000
lat: 24.926493, lng: 67.061406, accuracy:5.000000
lat: 24.926452, lng: 67.061370, accuracy:5.000000
lat: 24.926417, lng: 67.061335, accuracy:5.000000
lat: 24.926387, lng: 67.061294, accuracy:5.000000
lat: 24.926351, lng: 67.061265, accuracy:5.000000
lat: 24.926336, lng: 67.061258, accuracy:5.000000
lat: 24.926336, lng: 67.061247, accuracy:5.000000
lat: 24.926328, lng: 67.061231, accuracy:5.000000
lat: 24.926312, lng: 67.061206, accuracy:5.000000
lat: 24.926292, lng: 67.061183, accuracy:5.000000
lat: 24.926264, lng: 67.061157, accuracy:5.000000
lat: 24.926248, lng: 67.061146, accuracy:5.000000
lat: 24.926232, lng: 67.061135, accuracy:5.000000
lat: 24.926212, lng: 67.061117, accuracy:5.000000
lat: 24.926158, lng: 67.061044, accuracy:5.000000
lat: 24.926124, lng: 67.061001, accuracy:5.000000
lat: 24.926081, lng: 67.060956, accuracy:5.000000
lat: 24.926047, lng: 67.060912, accuracy:5.000000
lat: 24.926018, lng: 67.060874, accuracy:5.000000
lat: 24.925990, lng: 67.060837, accuracy:5.000000
lat: 24.925952, lng: 67.060807, accuracy:5.000000
lat: 24.925928, lng: 67.060766, accuracy:5.000000
lat: 24.925899, lng: 67.060716, accuracy:5.000000
lat: 24.925866, lng: 67.060684, accuracy:5.000000
lat: 24.925849, lng: 67.060672, accuracy:5.000000
lat: 24.925833, lng: 67.060657, accuracy:5.000000
lat: 24.925818, lng: 67.060635, accuracy:5.000000
lat: 24.925805, lng: 67.060612, accuracy:5.000000
lat: 24.925797, lng: 67.060592, accuracy:5.000000
lat: 24.925791, lng: 67.060573, accuracy:5.000000
lat: 24.925787, lng: 67.060552, accuracy:5.000000
lat: 24.925794, lng: 67.060527, accuracy:5.000000
lat: 24.925810, lng: 67.060503, accuracy:5.000000
lat: 24.925851, lng: 67.060463, accuracy:5.000000
lat: 24.925875, lng: 67.060437, accuracy:5.000000
lat: 24.925896, lng: 67.060403, accuracy:5.000000
lat: 24.925921, lng: 67.060380, accuracy:5.000000
lat: 24.925944, lng: 67.060358, accuracy:5.000000
lat: 24.925963, lng: 67.060337, accuracy:5.000000
lat: 24.925988, lng: 67.060318, accuracy:5.000000
lat: 24.926019, lng: 67.060296, accuracy:5.000000
lat: 24.926052, lng: 67.060275, accuracy:5.000000
lat: 24.926085, lng: 67.060250, accuracy:5.000000
lat: 24.926118, lng: 67.060222, accuracy:5.000000
lat: 24.926149, lng: 67.060193, accuracy:5.000000
lat: 24.926171, lng: 67.060169, accuracy:5.000000
lat: 24.926188, lng: 67.060148, accuracy:5.000000
lat: 24.926165, lng: 67.060122, accuracy:5.000000
lat: 24.926164, lng: 67.060098, accuracy:5.000000
lat: 24.926158, lng: 67.060067, accuracy:5.000000
lat: 24.926146, lng: 67.060038, accuracy:5.000000
lat: 24.926116, lng: 67.060014, accuracy:5.000000
lat: 24.926080, lng: 67.059991, accuracy:5.000000
lat: 24.926060, lng: 67.059944, accuracy:5.000000
lat: 24.926029, lng: 67.059905, accuracy:5.000000
lat: 24.925997, lng: 67.059877, accuracy:5.000000
lat: 24.925973, lng: 67.059844, accuracy:5.000000
lat: 24.925969, lng: 67.059824, accuracy:5.000000
lat: 24.925954, lng: 67.059804, accuracy:5.000000
lat: 24.925939, lng: 67.059783, accuracy:5.000000
lat: 24.925933, lng: 67.059773, accuracy:5.000000
lat: 24.925923, lng: 67.059754, accuracy:5.000000
lat: 24.925910, lng: 67.059734, accuracy:5.000000
lat: 24.925889, lng: 67.059711, accuracy:5.000000
lat: 24.925872, lng: 67.059694, accuracy:5.000000
lat: 24.925842, lng: 67.059665, accuracy:5.000000
lat: 24.925823, lng: 67.059636, accuracy:5.000000
lat: 24.925806, lng: 67.059605, accuracy:5.000000
lat: 24.925785, lng: 67.059584, accuracy:5.000000
lat: 24.925773, lng: 67.059567, accuracy:5.000000
lat: 24.925768, lng: 67.059543, accuracy:5.000000
lat: 24.925743, lng: 67.059524, accuracy:5.000000
lat: 24.925718, lng: 67.059505, accuracy:5.000000
lat: 24.925699, lng: 67.059487, accuracy:5.000000
lat: 24.925680, lng: 67.059473, accuracy:5.000000
lat: 24.925664, lng: 67.059460, accuracy:5.000000
lat: 24.925651, lng: 67.059449, accuracy:5.000000
lat: 24.925640, lng: 67.059436, accuracy:5.000000
lat: 24.925630, lng: 67.059423, accuracy:5.000000
lat: 24.925621, lng: 67.059414, accuracy:5.000000
lat: 24.925615, lng: 67.059411, accuracy:5.000000
lat: 24.925611, lng: 67.059409, accuracy:5.000000
lat: 24.925611, lng: 67.059409, accuracy:5.000000
lat: 24.925601, lng: 67.059405, accuracy:5.000000
lat: 24.925601, lng: 67.059405, accuracy:5.000000
lat: 24.925592, lng: 67.059400, accuracy:5.000000
lat: 24.925592, lng: 67.059400, accuracy:5.000000
lat: 24.925595, lng: 67.059392, accuracy:5.000000
lat: 24.925599, lng: 67.059385, accuracy:5.000000
lat: 24.925599, lng: 67.059385, accuracy:5.000000
lat: 24.925599, lng: 67.059385, accuracy:5.000000
lat: 24.925599, lng: 67.059385, accuracy:5.000000
lat: 24.925611, lng: 67.059364, accuracy:5.000000
lat: 24.925601, lng: 67.059354, accuracy:5.000000
lat: 24.925580, lng: 67.059339, accuracy:5.000000
lat: 24.925559, lng: 67.059315, accuracy:5.000000
lat: 24.925540, lng: 67.059296, accuracy:5.000000
lat: 24.925531, lng: 67.059272, accuracy:5.000000
lat: 24.925518, lng: 67.059255, accuracy:5.000000
lat: 24.925503, lng: 67.059237, accuracy:5.000000
lat: 24.925493, lng: 67.059219, accuracy:5.000000
lat: 24.925485, lng: 67.059209, accuracy:5.000000
lat: 24.925484, lng: 67.059199, accuracy:5.000000
lat: 24.925483, lng: 67.059191, accuracy:5.000000
lat: 24.925489, lng: 67.059185, accuracy:5.000000
lat: 24.925496, lng: 67.059178, accuracy:5.000000
lat: 24.925502, lng: 67.059170, accuracy:5.000000
lat: 24.925512, lng: 67.059159, accuracy:5.000000
lat: 24.925522, lng: 67.059149, accuracy:5.000000
lat: 24.925527, lng: 67.059132, accuracy:5.000000
lat: 24.925543, lng: 67.059101, accuracy:5.000000
lat: 24.925568, lng: 67.059075, accuracy:5.000000
lat: 24.925591, lng: 67.059050, accuracy:5.000000
lat: 24.925624, lng: 67.059022, accuracy:5.000000
lat: 24.925652, lng: 67.058988, accuracy:5.000000
lat: 24.925681, lng: 67.058959, accuracy:10.000000
lat: 24.925718, lng: 67.058918, accuracy:10.000000
lat: 24.925848, lng: 67.058841, accuracy:5.000000
lat: 24.925872, lng: 67.058796, accuracy:5.000000
lat: 24.925928, lng: 67.058736, accuracy:5.000000
lat: 24.925956, lng: 67.058704, accuracy:5.000000
lat: 24.925992, lng: 67.058683, accuracy:5.000000
lat: 24.926032, lng: 67.058652, accuracy:5.000000
lat: 24.926069, lng: 67.058617, accuracy:5.000000
lat: 24.926097, lng: 67.058591, accuracy:5.000000
lat: 24.926126, lng: 67.058572, accuracy:5.000000
lat: 24.926158, lng: 67.058539, accuracy:5.000000
lat: 24.926196, lng: 67.058519, accuracy:5.000000
lat: 24.926232, lng: 67.058487, accuracy:5.000000
lat: 24.926259, lng: 67.058462, accuracy:5.000000
lat: 24.926273, lng: 67.058453, accuracy:5.000000
lat: 24.926281, lng: 67.058443, accuracy:5.000000
lat: 24.926294, lng: 67.058432, accuracy:5.000000
lat: 24.926305, lng: 67.058420, accuracy:5.000000
lat: 24.926321, lng: 67.058403, accuracy:5.000000
lat: 24.926341, lng: 67.058381, accuracy:5.000000
lat: 24.926359, lng: 67.058362, accuracy:5.000000
lat: 24.926378, lng: 67.058343, accuracy:5.000000
lat: 24.926403, lng: 67.058316, accuracy:5.000000
lat: 24.926436, lng: 67.058280, accuracy:5.000000
lat: 24.926474, lng: 67.058236, accuracy:5.000000
lat: 24.926501, lng: 67.058202, accuracy:5.000000
lat: 24.926519, lng: 67.058178, accuracy:5.000000
lat: 24.926533, lng: 67.058170, accuracy:5.000000
lat: 24.926542, lng: 67.058177, accuracy:5.000000
lat: 24.926550, lng: 67.058183, accuracy:5.000000
lat: 24.926560, lng: 67.058194, accuracy:5.000000
lat: 24.926571, lng: 67.058214, accuracy:5.000000
lat: 24.926585, lng: 67.058238, accuracy:5.000000
lat: 24.926601, lng: 67.058263, accuracy:5.000000
lat: 24.926616, lng: 67.058289, accuracy:5.000000
lat: 24.926636, lng: 67.058316, accuracy:10.000000
lat: 24.926667, lng: 67.058350, accuracy:10.000000
lat: 24.926686, lng: 67.058383, accuracy:10.000000
lat: 24.926703, lng: 67.058408, accuracy:10.000000
lat: 24.926719, lng: 67.058431, accuracy:10.000000
lat: 24.926737, lng: 67.058454, accuracy:10.000000
lat: 24.926762, lng: 67.058467, accuracy:10.000000
lat: 24.926774, lng: 67.058492, accuracy:10.000000
lat: 24.926784, lng: 67.058528, accuracy:10.000000
lat: 24.926793, lng: 67.058563, accuracy:5.000000
lat: 24.926806, lng: 67.058598, accuracy:5.000000
lat: 24.926826, lng: 67.058636, accuracy:5.000000
lat: 24.926851, lng: 67.058672, accuracy:5.000000
lat: 24.926877, lng: 67.058703, accuracy:5.000000
lat: 24.926905, lng: 67.058732, accuracy:5.000000
lat: 24.926943, lng: 67.058751, accuracy:5.000000
lat: 24.926982, lng: 67.058761, accuracy:5.000000
lat: 24.927027, lng: 67.058760, accuracy:5.000000
lat: 24.927071, lng: 67.058762, accuracy:5.000000
lat: 24.927113, lng: 67.058765, accuracy:10.000000
lat: 24.927160, lng: 67.058764, accuracy:10.000000
lat: 24.927207, lng: 67.058761, accuracy:10.000000
lat: 24.927245, lng: 67.058762, accuracy:10.000000
lat: 24.927282, lng: 67.058764, accuracy:10.000000
lat: 24.927320, lng: 67.058766, accuracy:10.000000
lat: 24.927358, lng: 67.058769, accuracy:10.000000
lat: 24.927397, lng: 67.058771, accuracy:10.000000
lat: 24.927435, lng: 67.058771, accuracy:10.000000
lat: 24.927473, lng: 67.058775, accuracy:10.000000
lat: 24.927506, lng: 67.058783, accuracy:10.000000
lat: 24.927539, lng: 67.058796, accuracy:10.000000
lat: 24.927566, lng: 67.058821, accuracy:10.000000
lat: 24.927591, lng: 67.058848, accuracy:10.000000
lat: 24.927608, lng: 67.058879, accuracy:10.000000
lat: 24.927617, lng: 67.058897, accuracy:10.000000
lat: 24.927618, lng: 67.058907, accuracy:10.000000
lat: 24.927618, lng: 67.058907, accuracy:10.000000
lat: 24.927618, lng: 67.058907, accuracy:10.000000
lat: 24.927618, lng: 67.058907, accuracy:10.000000
lat: 24.927618, lng: 67.058907, accuracy:10.000000
lat: 24.927618, lng: 67.058907, accuracy:10.000000
lat: 24.927618, lng: 67.058907, accuracy:10.000000
lat: 24.927618, lng: 67.058907, accuracy:10.000000
lat: 24.927618, lng: 67.058907, accuracy:10.000000
lat: 24.927618, lng: 67.058907, accuracy:10.000000