lat: 31.482806, lng: 74.311484, accuracy:5.000000
lat: 31.482811, lng: 74.311507, accuracy:5.000000
lat: 31.500151, lng: 74.316819, accuracy:10.000000
lat: 31.500173, lng: 74.316925, accuracy:10.000000
lat: 31.500173, lng: 74.316925, accuracy:10.000000
lat: 31.500166, lng: 74.316936, accuracy:10.000000
lat: 31.500210, lng: 74.316900, accuracy:5.000000
lat: 31.500224, lng: 74.316922, accuracy:10.000000
lat: 31.500230, lng: 74.316923, accuracy:5.000000
lat: 31.500230, lng: 74.316923, accuracy:5.000000
lat: 31.500230, lng: 74.316923, accuracy:5.000000
lat: 31.500234, lng: 74.316960, accuracy:5.000000
lat: 31.500234, lng: 74.316960, accuracy:5.000000
lat: 31.500234, lng: 74.316960, accuracy:5.000000
lat: 31.500234, lng: 74.316960, accuracy:5.000000
lat: 31.500249, lng: 74.316952, accuracy:5.000000
lat: 31.500245, lng: 74.316944, accuracy:5.000000
lat: 31.500246, lng: 74.316949, accuracy:5.000000
lat: 31.500243, lng: 74.316956, accuracy:5.000000
lat: 31.500242, lng: 74.316961, accuracy:5.000000
lat: 31.500241, lng: 74.316966, accuracy:5.000000
lat: 31.500243, lng: 74.316968, accuracy:5.000000
lat: 31.500243, lng: 74.316968, accuracy:5.000000
lat: 31.500243, lng: 74.316968, accuracy:5.000000
lat: 31.500243, lng: 74.316968, accuracy:5.000000
lat: 31.500243, lng: 74.316968, accuracy:5.000000
lat: 31.500243, lng: 74.316968, accuracy:5.000000
lat: 31.500243, lng: 74.316968, accuracy:5.000000
lat: 31.500243, lng: 74.316968, accuracy:5.000000
lat: 31.500243, lng: 74.316968, accuracy:5.000000
lat: 31.500243, lng: 74.316968, accuracy:5.000000
lat: 31.500243, lng: 74.316968, accuracy:5.000000
lat: 31.500243, lng: 74.316968, accuracy:5.000000
lat: 31.500243, lng: 74.316968, accuracy:5.000000
lat: 31.500243, lng: 74.316968, accuracy:5.000000
lat: 31.500243, lng: 74.316968, accuracy:5.000000
lat: 31.500243, lng: 74.316968, accuracy:5.000000
lat: 31.500243, lng: 74.316968, accuracy:5.000000
lat: 31.500243, lng: 74.316968, accuracy:5.000000
lat: 31.500243, lng: 74.316968, accuracy:5.000000
lat: 31.500243, lng: 74.316968, accuracy:5.000000
lat: 31.500243, lng: 74.316968, accuracy:5.000000
lat: 31.500243, lng: 74.316968, accuracy:5.000000
lat: 31.500243, lng: 74.316968, accuracy:5.000000
lat: 31.500243, lng: 74.316968, accuracy:5.000000
lat: 31.500238, lng: 74.317009, accuracy:5.000000
lat: 31.500238, lng: 74.317009, accuracy:5.000000
lat: 31.500238, lng: 74.317009, accuracy:5.000000
lat: 31.500238, lng: 74.317009, accuracy:5.000000
lat: 31.500242, lng: 74.317003, accuracy:5.000000
lat: 31.500240, lng: 74.316994, accuracy:5.000000
lat: 31.500235, lng: 74.316979, accuracy:5.000000
lat: 31.500231, lng: 74.316962, accuracy:5.000000
lat: 31.500231, lng: 74.316962, accuracy:5.000000
lat: 31.500231, lng: 74.316962, accuracy:5.000000
lat: 31.500231, lng: 74.316962, accuracy:5.000000
lat: 31.500211, lng: 74.316912, accuracy:5.000000
lat: 31.500211, lng: 74.316912, accuracy:5.000000
lat: 31.500211, lng: 74.316912, accuracy:5.000000
lat: 31.500211, lng: 74.316912, accuracy:10.000000
lat: 31.500211, lng: 74.316912, accuracy:10.000000
lat: 31.500211, lng: 74.316912, accuracy:10.000000
lat: 31.500211, lng: 74.316912, accuracy:10.000000
lat: 31.500211, lng: 74.316912, accuracy:10.000000
lat: 31.500211, lng: 74.316912, accuracy:10.000000
lat: 31.500211, lng: 74.316912, accuracy:10.000000
lat: 31.500188, lng: 74.316951, accuracy:10.000000
lat: 31.500188, lng: 74.316951, accuracy:10.000000
lat: 31.500169, lng: 74.316965, accuracy:10.000000
lat: 31.500164, lng: 74.316951, accuracy:10.000000
lat: 31.500164, lng: 74.316938, accuracy:10.000000
lat: 31.500163, lng: 74.316930, accuracy:10.000000
lat: 31.500168, lng: 74.316922, accuracy:10.000000
lat: 31.500185, lng: 74.316943, accuracy:10.000000
lat: 31.500203, lng: 74.316972, accuracy:10.000000
lat: 31.500222, lng: 74.317012, accuracy:10.000000
lat: 31.500252, lng: 74.317074, accuracy:10.000000
lat: 31.500279, lng: 74.317138, accuracy:10.000000
lat: 31.500339, lng: 74.317246, accuracy:10.000000
lat: 31.500342, lng: 74.317334, accuracy:10.000000
lat: 31.500352, lng: 74.317418, accuracy:10.000000
lat: 31.500368, lng: 74.317494, accuracy:10.000000
lat: 31.500384, lng: 74.317576, accuracy:10.000000
lat: 31.500399, lng: 74.317642, accuracy:10.000000
lat: 31.500413, lng: 74.317748, accuracy:10.000000
lat: 31.500442, lng: 74.317856, accuracy:10.000000
lat: 31.500462, lng: 74.317954, accuracy:10.000000
lat: 31.500484, lng: 74.318045, accuracy:10.000000
lat: 31.500505, lng: 74.318140, accuracy:10.000000
lat: 31.500543, lng: 74.318261, accuracy:10.000000
lat: 31.500589, lng: 74.318380, accuracy:10.000000
lat: 31.500615, lng: 74.318475, accuracy:10.000000
lat: 31.500628, lng: 74.318565, accuracy:10.000000
lat: 31.500653, lng: 74.318662, accuracy:10.000000
lat: 31.500671, lng: 74.318760, accuracy:10.000000
lat: 31.500700, lng: 74.318867, accuracy:10.000000
lat: 31.500745, lng: 74.318958, accuracy:10.000000
lat: 31.500767, lng: 74.319021, accuracy:10.000000
lat: 31.500779, lng: 74.319094, accuracy:10.000000
lat: 31.500801, lng: 74.319184, accuracy:10.000000
lat: 31.500830, lng: 74.319269, accuracy:10.000000
lat: 31.500856, lng: 74.319375, accuracy:10.000000
lat: 31.500873, lng: 74.319472, accuracy:10.000000
lat: 31.500877, lng: 74.319573, accuracy:10.000000
lat: 31.500894, lng: 74.319669, accuracy:10.000000
lat: 31.500920, lng: 74.319764, accuracy:10.000000
lat: 31.500958, lng: 74.319861, accuracy:10.000000
lat: 31.500985, lng: 74.319954, accuracy:10.000000
lat: 31.501013, lng: 74.320036, accuracy:10.000000
lat: 31.501045, lng: 74.320130, accuracy:10.000000
lat: 31.501086, lng: 74.320212, accuracy:10.000000
lat: 31.501118, lng: 74.320307, accuracy:10.000000
lat: 31.501152, lng: 74.320407, accuracy:10.000000
lat: 31.501171, lng: 74.320506, accuracy:10.000000
lat: 31.501199, lng: 74.320578, accuracy:10.000000
lat: 31.501235, lng: 74.320664, accuracy:10.000000
lat: 31.501267, lng: 74.320757, accuracy:10.000000
lat: 31.501295, lng: 74.320854, accuracy:10.000000
lat: 31.501325, lng: 74.320952, accuracy:10.000000
lat: 31.501359, lng: 74.321039, accuracy:10.000000
lat: 31.501421, lng: 74.321094, accuracy:10.000000
lat: 31.501436, lng: 74.321197, accuracy:10.000000
lat: 31.501466, lng: 74.321297, accuracy:10.000000
lat: 31.501478, lng: 74.321425, accuracy:10.000000
lat: 31.501499, lng: 74.321545, accuracy:10.000000
lat: 31.501525, lng: 74.321666, accuracy:10.000000
lat: 31.501564, lng: 74.321793, accuracy:10.000000
lat: 31.501602, lng: 74.321914, accuracy:10.000000
lat: 31.501627, lng: 74.322035, accuracy:10.000000
lat: 31.501665, lng: 74.322168, accuracy:10.000000
lat: 31.501702, lng: 74.322306, accuracy:10.000000
lat: 31.501728, lng: 74.322418, accuracy:10.000000
lat: 31.501770, lng: 74.322535, accuracy:10.000000
lat: 31.501806, lng: 74.322691, accuracy:10.000000
lat: 31.501816, lng: 74.322820, accuracy:10.000000
lat: 31.501835, lng: 74.322993, accuracy:10.000000
lat: 31.501851, lng: 74.323129, accuracy:10.000000
lat: 31.501901, lng: 74.323276, accuracy:10.000000
lat: 31.501946, lng: 74.323412, accuracy:10.000000
lat: 31.502017, lng: 74.323604, accuracy:10.000000
lat: 31.502057, lng: 74.323764, accuracy:10.000000
lat: 31.502111, lng: 74.323907, accuracy:10.000000
lat: 31.502158, lng: 74.324064, accuracy:10.000000
lat: 31.502223, lng: 74.324099, accuracy:10.000000
lat: 31.502229, lng: 74.324172, accuracy:10.000000
lat: 31.502264, lng: 74.324272, accuracy:10.000000
lat: 31.502295, lng: 74.324375, accuracy:10.000000
lat: 31.502289, lng: 74.324448, accuracy:10.000000
lat: 31.502354, lng: 74.324580, accuracy:10.000000
lat: 31.502390, lng: 74.324676, accuracy:10.000000
lat: 31.502424, lng: 74.324763, accuracy:10.000000
lat: 31.502450, lng: 74.324870, accuracy:10.000000
lat: 31.502493, lng: 74.324977, accuracy:10.000000
lat: 31.502514, lng: 74.325097, accuracy:10.000000
lat: 31.502559, lng: 74.325191, accuracy:10.000000
lat: 31.502619, lng: 74.325348, accuracy:10.000000
lat: 31.502574, lng: 74.325391, accuracy:10.000000
lat: 31.502606, lng: 74.325470, accuracy:10.000000
lat: 31.502681, lng: 74.325558, accuracy:10.000000
lat: 31.502699, lng: 74.325668, accuracy:10.000000
lat: 31.502703, lng: 74.325719, accuracy:10.000000
lat: 31.502752, lng: 74.325808, accuracy:10.000000
lat: 31.502783, lng: 74.325893, accuracy:10.000000
lat: 31.502798, lng: 74.325979, accuracy:10.000000
lat: 31.502839, lng: 74.326074, accuracy:10.000000
lat: 31.502874, lng: 74.326188, accuracy:10.000000
lat: 31.502930, lng: 74.326332, accuracy:10.000000
lat: 31.502979, lng: 74.326479, accuracy:10.000000
lat: 31.503027, lng: 74.326623, accuracy:10.000000
lat: 31.503063, lng: 74.326744, accuracy:10.000000
lat: 31.503095, lng: 74.326881, accuracy:10.000000
lat: 31.503123, lng: 74.327017, accuracy:10.000000
lat: 31.503152, lng: 74.327152, accuracy:10.000000
lat: 31.503183, lng: 74.327304, accuracy:10.000000
lat: 31.503201, lng: 74.327436, accuracy:10.000000
lat: 31.503219, lng: 74.327549, accuracy:10.000000
lat: 31.503249, lng: 74.327678, accuracy:10.000000
lat: 31.503270, lng: 74.327806, accuracy:10.000000
lat: 31.503299, lng: 74.327932, accuracy:10.000000
lat: 31.503318, lng: 74.328053, accuracy:10.000000
lat: 31.503365, lng: 74.328160, accuracy:10.000000
lat: 31.503405, lng: 74.328229, accuracy:10.000000
lat: 31.503437, lng: 74.328329, accuracy:10.000000
lat: 31.503429, lng: 74.328430, accuracy:10.000000
lat: 31.503430, lng: 74.328577, accuracy:10.000000
lat: 31.503484, lng: 74.328751, accuracy:10.000000
lat: 31.503563, lng: 74.328818, accuracy:10.000000
lat: 31.503638, lng: 74.328975, accuracy:10.000000
lat: 31.503692, lng: 74.329299, accuracy:10.000000
lat: 31.503726, lng: 74.329385, accuracy:10.000000
lat: 31.503773, lng: 74.329519, accuracy:10.000000
lat: 31.503789, lng: 74.329634, accuracy:10.000000
lat: 31.503833, lng: 74.329748, accuracy:10.000000
lat: 31.503895, lng: 74.329921, accuracy:10.000000
lat: 31.503942, lng: 74.330057, accuracy:10.000000
lat: 31.504000, lng: 74.330235, accuracy:10.000000
lat: 31.504041, lng: 74.330440, accuracy:10.000000
lat: 31.504084, lng: 74.330547, accuracy:10.000000
lat: 31.504149, lng: 74.330728, accuracy:10.000000
lat: 31.504212, lng: 74.330893, accuracy:10.000000
lat: 31.504241, lng: 74.330949, accuracy:10.000000
lat: 31.504327, lng: 74.331146, accuracy:10.000000
lat: 31.504387, lng: 74.331295, accuracy:10.000000
lat: 31.504614, lng: 74.332039, accuracy:10.000000
lat: 31.504672, lng: 74.332220, accuracy:10.000000
lat: 31.504725, lng: 74.332403, accuracy:10.000000
lat: 31.504726, lng: 74.332556, accuracy:10.000000
lat: 31.504776, lng: 74.332703, accuracy:10.000000
lat: 31.504843, lng: 74.332861, accuracy:10.000000
lat: 31.504876, lng: 74.333009, accuracy:10.000000
lat: 31.504940, lng: 74.333170, accuracy:10.000000
lat: 31.504990, lng: 74.333342, accuracy:10.000000
lat: 31.505030, lng: 74.333483, accuracy:10.000000
lat: 31.505080, lng: 74.333625, accuracy:10.000000
lat: 31.505154, lng: 74.333750, accuracy:10.000000
lat: 31.505212, lng: 74.333882, accuracy:10.000000
lat: 31.505286, lng: 74.334002, accuracy:10.000000
lat: 31.505353, lng: 74.334125, accuracy:10.000000
lat: 31.505426, lng: 74.334244, accuracy:10.000000
lat: 31.505503, lng: 74.334365, accuracy:10.000000
lat: 31.505579, lng: 74.334473, accuracy:10.000000
lat: 31.505646, lng: 74.334593, accuracy:10.000000
lat: 31.505713, lng: 74.334709, accuracy:10.000000
lat: 31.505778, lng: 74.334809, accuracy:10.000000
lat: 31.505873, lng: 74.334928, accuracy:10.000000
lat: 31.505932, lng: 74.335017, accuracy:10.000000
lat: 31.506024, lng: 74.335157, accuracy:10.000000
lat: 31.506100, lng: 74.335250, accuracy:10.000000
lat: 31.506150, lng: 74.335335, accuracy:10.000000
lat: 31.506226, lng: 74.335430, accuracy:10.000000
lat: 31.506236, lng: 74.335492, accuracy:10.000000
lat: 31.506306, lng: 74.335589, accuracy:10.000000
lat: 31.506411, lng: 74.335706, accuracy:10.000000
lat: 31.506476, lng: 74.335818, accuracy:10.000000
lat: 31.506532, lng: 74.335917, accuracy:10.000000
lat: 31.506615, lng: 74.336022, accuracy:10.000000
lat: 31.506680, lng: 74.336124, accuracy:10.000000
lat: 31.506742, lng: 74.336226, accuracy:10.000000
lat: 31.506745, lng: 74.336343, accuracy:10.000000
lat: 31.506849, lng: 74.336446, accuracy:10.000000
lat: 31.506951, lng: 74.336561, accuracy:10.000000
lat: 31.507048, lng: 74.336687, accuracy:10.000000
lat: 31.507116, lng: 74.336789, accuracy:10.000000
lat: 31.507200, lng: 74.336898, accuracy:10.000000
lat: 31.507282, lng: 74.337023, accuracy:10.000000
lat: 31.507362, lng: 74.337137, accuracy:10.000000
lat: 31.507433, lng: 74.337254, accuracy:10.000000
lat: 31.507504, lng: 74.337366, accuracy:10.000000
lat: 31.507586, lng: 74.337471, accuracy:10.000000
lat: 31.507668, lng: 74.337581, accuracy:10.000000
lat: 31.507738, lng: 74.337691, accuracy:10.000000
lat: 31.507808, lng: 74.337800, accuracy:10.000000
lat: 31.507880, lng: 74.337911, accuracy:10.000000
lat: 31.507956, lng: 74.338023, accuracy:10.000000
lat: 31.508020, lng: 74.338133, accuracy:10.000000
lat: 31.508100, lng: 74.338242, accuracy:10.000000
lat: 31.508174, lng: 74.338338, accuracy:10.000000
lat: 31.508257, lng: 74.338452, accuracy:10.000000
lat: 31.508334, lng: 74.338563, accuracy:10.000000
lat: 31.508407, lng: 74.338681, accuracy:10.000000
lat: 31.508483, lng: 74.338783, accuracy:10.000000
lat: 31.508558, lng: 74.338881, accuracy:10.000000
lat: 31.508634, lng: 74.338973, accuracy:10.000000
lat: 31.508714, lng: 74.339064, accuracy:10.000000
lat: 31.508784, lng: 74.339162, accuracy:10.000000
lat: 31.508862, lng: 74.339255, accuracy:10.000000
lat: 31.508940, lng: 74.339340, accuracy:10.000000
lat: 31.509012, lng: 74.339436, accuracy:10.000000
lat: 31.509087, lng: 74.339524, accuracy:10.000000
lat: 31.509157, lng: 74.339587, accuracy:10.000000
lat: 31.509226, lng: 74.339644, accuracy:10.000000
lat: 31.509293, lng: 74.339702, accuracy:10.000000
lat: 31.509369, lng: 74.339753, accuracy:10.000000
lat: 31.509436, lng: 74.339800, accuracy:10.000000
lat: 31.509505, lng: 74.339856, accuracy:10.000000
lat: 31.509577, lng: 74.339898, accuracy:10.000000
lat: 31.509640, lng: 74.339925, accuracy:10.000000
lat: 31.509705, lng: 74.339947, accuracy:10.000000
lat: 31.509798, lng: 74.339999, accuracy:10.000000
lat: 31.509798, lng: 74.339996, accuracy:10.000000
lat: 31.509892, lng: 74.340054, accuracy:10.000000
lat: 31.510000, lng: 74.340120, accuracy:10.000000
lat: 31.510042, lng: 74.340126, accuracy:10.000000
lat: 31.510111, lng: 74.340149, accuracy:10.000000
lat: 31.510150, lng: 74.340166, accuracy:10.000000
lat: 31.510194, lng: 74.340167, accuracy:10.000000
lat: 31.510246, lng: 74.340163, accuracy:10.000000
lat: 31.510310, lng: 74.340166, accuracy:10.000000
lat: 31.510357, lng: 74.340185, accuracy:10.000000
lat: 31.510444, lng: 74.340161, accuracy:10.000000
lat: 31.510509, lng: 74.340181, accuracy:10.000000
lat: 31.510552, lng: 74.340164, accuracy:10.000000
lat: 31.510586, lng: 74.340165, accuracy:10.000000
lat: 31.510628, lng: 74.340163, accuracy:10.000000
lat: 31.510667, lng: 74.340160, accuracy:10.000000
lat: 31.510705, lng: 74.340149, accuracy:10.000000
lat: 31.510737, lng: 74.340145, accuracy:10.000000
lat: 31.510747, lng: 74.340125, accuracy:10.000000
lat: 31.510805, lng: 74.340084, accuracy:10.000000
lat: 31.510826, lng: 74.340043, accuracy:10.000000
lat: 31.510883, lng: 74.340000, accuracy:10.000000
lat: 31.510910, lng: 74.339972, accuracy:10.000000
lat: 31.510932, lng: 74.339943, accuracy:10.000000
lat: 31.510954, lng: 74.339909, accuracy:10.000000
lat: 31.510975, lng: 74.339873, accuracy:10.000000
lat: 31.512698, lng: 74.337490, accuracy:10.000000
lat: 31.512719, lng: 74.337453, accuracy:10.000000
lat: 31.512729, lng: 74.337432, accuracy:10.000000
lat: 31.512756, lng: 74.337381, accuracy:10.000000
lat: 31.512776, lng: 74.337337, accuracy:10.000000
lat: 31.512820, lng: 74.337321, accuracy:10.000000
lat: 31.512854, lng: 74.337301, accuracy:10.000000
lat: 31.512913, lng: 74.337302, accuracy:10.000000
lat: 31.512922, lng: 74.337286, accuracy:10.000000
lat: 31.512959, lng: 74.337276, accuracy:10.000000
lat: 31.512984, lng: 74.337253, accuracy:10.000000
lat: 31.513010, lng: 74.337216, accuracy:10.000000
lat: 31.513020, lng: 74.337196, accuracy:10.000000
lat: 31.513046, lng: 74.337190, accuracy:10.000000
lat: 31.513057, lng: 74.337169, accuracy:10.000000
lat: 31.513077, lng: 74.337154, accuracy:10.000000
lat: 31.513077, lng: 74.337154, accuracy:10.000000
lat: 31.513074, lng: 74.337134, accuracy:10.000000
lat: 31.513086, lng: 74.337119, accuracy:10.000000
lat: 31.513092, lng: 74.337103, accuracy:10.000000
lat: 31.513111, lng: 74.337083, accuracy:10.000000
lat: 31.513135, lng: 74.337055, accuracy:10.000000
lat: 31.513157, lng: 74.337032, accuracy:10.000000
lat: 31.513180, lng: 74.337004, accuracy:10.000000
lat: 31.513205, lng: 74.336973, accuracy:10.000000
lat: 31.513231, lng: 74.336941, accuracy:10.000000
lat: 31.513257, lng: 74.336908, accuracy:10.000000
lat: 31.513288, lng: 74.336880, accuracy:10.000000
lat: 31.513317, lng: 74.336852, accuracy:10.000000
lat: 31.513342, lng: 74.336829, accuracy:10.000000
lat: 31.513362, lng: 74.336811, accuracy:10.000000
lat: 31.513380, lng: 74.336795, accuracy:10.000000
lat: 31.513395, lng: 74.336773, accuracy:10.000000
lat: 31.513410, lng: 74.336749, accuracy:5.000000
lat: 31.513423, lng: 74.336727, accuracy:5.000000
lat: 31.513437, lng: 74.336708, accuracy:5.000000
lat: 31.513441, lng: 74.336704, accuracy:5.000000
lat: 31.513446, lng: 74.336699, accuracy:5.000000
lat: 31.513446, lng: 74.336699, accuracy:5.000000
lat: 31.513446, lng: 74.336699, accuracy:5.000000
lat: 31.513452, lng: 74.336700, accuracy:5.000000
lat: 31.513455, lng: 74.336696, accuracy:5.000000
lat: 31.513461, lng: 74.336690, accuracy:5.000000
lat: 31.513470, lng: 74.336681, accuracy:5.000000
lat: 31.513496, lng: 74.336654, accuracy:5.000000
lat: 31.513520, lng: 74.336627, accuracy:5.000000
lat: 31.513552, lng: 74.336591, accuracy:5.000000
lat: 31.513579, lng: 74.336562, accuracy:5.000000
lat: 31.513639, lng: 74.336504, accuracy:5.000000
lat: 31.513664, lng: 74.336481, accuracy:5.000000
lat: 31.513690, lng: 74.336460, accuracy:5.000000
lat: 31.513714, lng: 74.336442, accuracy:5.000000
lat: 31.513742, lng: 74.336423, accuracy:5.000000
lat: 31.513770, lng: 74.336408, accuracy:5.000000
lat: 31.513800, lng: 74.336392, accuracy:5.000000
lat: 31.513833, lng: 74.336374, accuracy:5.000000
lat: 31.513866, lng: 74.336359, accuracy:5.000000
lat: 31.513897, lng: 74.336356, accuracy:5.000000
lat: 31.513927, lng: 74.336364, accuracy:5.000000
lat: 31.513956, lng: 74.336387, accuracy:5.000000
lat: 31.513983, lng: 74.336417, accuracy:5.000000
lat: 31.514013, lng: 74.336450, accuracy:5.000000
lat: 31.514061, lng: 74.336508, accuracy:5.000000
lat: 31.514090, lng: 74.336544, accuracy:5.000000
lat: 31.514110, lng: 74.336581, accuracy:5.000000
lat: 31.514131, lng: 74.336623, accuracy:5.000000
lat: 31.514154, lng: 74.336654, accuracy:5.000000
lat: 31.514183, lng: 74.336689, accuracy:5.000000
lat: 31.514246, lng: 74.336736, accuracy:5.000000
lat: 31.514290, lng: 74.336763, accuracy:5.000000
lat: 31.514336, lng: 74.336799, accuracy:5.000000
lat: 31.514374, lng: 74.336816, accuracy:5.000000
lat: 31.514405, lng: 74.336845, accuracy:5.000000
lat: 31.514443, lng: 74.336872, accuracy:5.000000
lat: 31.514479, lng: 74.336871, accuracy:5.000000
lat: 31.514518, lng: 74.336899, accuracy:5.000000
lat: 31.514561, lng: 74.336928, accuracy:5.000000
lat: 31.514630, lng: 74.336960, accuracy:5.000000
lat: 31.514682, lng: 74.336994, accuracy:5.000000
lat: 31.514730, lng: 74.337011, accuracy:5.000000
lat: 31.514781, lng: 74.337036, accuracy:5.000000
lat: 31.514817, lng: 74.337063, accuracy:5.000000
lat: 31.514859, lng: 74.337084, accuracy:5.000000
lat: 31.514885, lng: 74.337112, accuracy:5.000000
lat: 31.514912, lng: 74.337143, accuracy:5.000000
lat: 31.514918, lng: 74.337152, accuracy:5.000000
lat: 31.514932, lng: 74.337161, accuracy:5.000000
lat: 31.514939, lng: 74.337174, accuracy:5.000000
lat: 31.514957, lng: 74.337170, accuracy:5.000000
lat: 31.514974, lng: 74.337190, accuracy:10.000000
lat: 31.515003, lng: 74.337207, accuracy:10.000000
lat: 31.515032, lng: 74.337223, accuracy:10.000000
lat: 31.515074, lng: 74.337230, accuracy:10.000000
lat: 31.515118, lng: 74.337247, accuracy:10.000000
lat: 31.515168, lng: 74.337266, accuracy:5.000000
lat: 31.515220, lng: 74.337297, accuracy:10.000000
lat: 31.515273, lng: 74.337319, accuracy:10.000000
lat: 31.515298, lng: 74.337352, accuracy:10.000000
lat: 31.515317, lng: 74.337386, accuracy:10.000000
lat: 31.515345, lng: 74.337409, accuracy:10.000000
lat: 31.515389, lng: 74.337428, accuracy:10.000000
lat: 31.515444, lng: 74.337441, accuracy:10.000000
lat: 31.515492, lng: 74.337450, accuracy:10.000000
lat: 31.515532, lng: 74.337458, accuracy:10.000000
lat: 31.515595, lng: 74.337463, accuracy:10.000000
lat: 31.515634, lng: 74.337465, accuracy:10.000000
lat: 31.515679, lng: 74.337474, accuracy:10.000000
lat: 31.515721, lng: 74.337481, accuracy:10.000000
lat: 31.515767, lng: 74.337491, accuracy:10.000000
lat: 31.515814, lng: 74.337501, accuracy:10.000000
lat: 31.515863, lng: 74.337506, accuracy:10.000000
lat: 31.515911, lng: 74.337508, accuracy:10.000000
lat: 31.515959, lng: 74.337508, accuracy:10.000000
lat: 31.516004, lng: 74.337507, accuracy:10.000000
lat: 31.516049, lng: 74.337508, accuracy:10.000000
lat: 31.516091, lng: 74.337507, accuracy:10.000000
lat: 31.516127, lng: 74.337507, accuracy:10.000000
lat: 31.516163, lng: 74.337509, accuracy:10.000000
lat: 31.516198, lng: 74.337512, accuracy:10.000000
lat: 31.516235, lng: 74.337517, accuracy:10.000000
lat: 31.516272, lng: 74.337523, accuracy:10.000000
lat: 31.516309, lng: 74.337521, accuracy:10.000000
lat: 31.516351, lng: 74.337524, accuracy:10.000000
lat: 31.516397, lng: 74.337525, accuracy:10.000000
lat: 31.516452, lng: 74.337530, accuracy:10.000000
lat: 31.516527, lng: 74.337585, accuracy:10.000000
lat: 31.516554, lng: 74.337588, accuracy:10.000000
lat: 31.516614, lng: 74.337595, accuracy:10.000000
lat: 31.516651, lng: 74.337597, accuracy:10.000000
lat: 31.516697, lng: 74.337593, accuracy:10.000000
lat: 31.516724, lng: 74.337585, accuracy:10.000000
lat: 31.516746, lng: 74.337595, accuracy:10.000000
lat: 31.516786, lng: 74.337608, accuracy:10.000000
lat: 31.516811, lng: 74.337625, accuracy:10.000000
lat: 31.516829, lng: 74.337609, accuracy:10.000000
lat: 31.516852, lng: 74.337592, accuracy:10.000000
lat: 31.516868, lng: 74.337574, accuracy:10.000000
lat: 31.516892, lng: 74.337562, accuracy:10.000000
lat: 31.516922, lng: 74.337529, accuracy:10.000000
lat: 31.516961, lng: 74.337483, accuracy:10.000000
lat: 31.517012, lng: 74.337379, accuracy:10.000000
lat: 31.517033, lng: 74.337312, accuracy:10.000000
lat: 31.517057, lng: 74.337245, accuracy:10.000000
lat: 31.517098, lng: 74.337179, accuracy:10.000000
lat: 31.517132, lng: 74.337114, accuracy:10.000000
lat: 31.517175, lng: 74.337054, accuracy:10.000000
lat: 31.517215, lng: 74.336979, accuracy:10.000000
lat: 31.517253, lng: 74.336900, accuracy:10.000000
lat: 31.517304, lng: 74.336825, accuracy:10.000000
lat: 31.517339, lng: 74.336748, accuracy:10.000000
lat: 31.517382, lng: 74.336640, accuracy:10.000000
lat: 31.517418, lng: 74.336559, accuracy:10.000000
lat: 31.517431, lng: 74.336488, accuracy:10.000000
lat: 31.517465, lng: 74.336435, accuracy:10.000000
lat: 31.517507, lng: 74.336365, accuracy:10.000000
lat: 31.517560, lng: 74.336275, accuracy:10.000000
lat: 31.517587, lng: 74.336202, accuracy:10.000000
lat: 31.517608, lng: 74.336141, accuracy:10.000000
lat: 31.517652, lng: 74.336056, accuracy:10.000000
lat: 31.517680, lng: 74.335988, accuracy:10.000000
lat: 31.517662, lng: 74.335926, accuracy:10.000000
lat: 31.517671, lng: 74.335848, accuracy:10.000000
lat: 31.517699, lng: 74.335788, accuracy:10.000000
lat: 31.517696, lng: 74.335732, accuracy:10.000000
lat: 31.517711, lng: 74.335656, accuracy:10.000000
lat: 31.517720, lng: 74.335576, accuracy:10.000000
lat: 31.517724, lng: 74.335515, accuracy:10.000000
lat: 31.517713, lng: 74.335461, accuracy:10.000000
lat: 31.517714, lng: 74.335416, accuracy:10.000000
lat: 31.517712, lng: 74.335392, accuracy:10.000000
lat: 31.517723, lng: 74.335350, accuracy:10.000000
lat: 31.517723, lng: 74.335351, accuracy:10.000000
lat: 31.517721, lng: 74.335339, accuracy:10.000000
lat: 31.517718, lng: 74.335334, accuracy:10.000000
lat: 31.517717, lng: 74.335325, accuracy:10.000000
lat: 31.517726, lng: 74.335322, accuracy:10.000000
lat: 31.517724, lng: 74.335322, accuracy:10.000000
lat: 31.517721, lng: 74.335308, accuracy:10.000000
lat: 31.517711, lng: 74.335297, accuracy:10.000000
lat: 31.517698, lng: 74.335282, accuracy:10.000000
lat: 31.517663, lng: 74.335258, accuracy:10.000000
lat: 31.517622, lng: 74.335241, accuracy:10.000000
lat: 31.517573, lng: 74.335233, accuracy:10.000000
lat: 31.517520, lng: 74.335235, accuracy:10.000000
lat: 31.517459, lng: 74.335245, accuracy:10.000000
lat: 31.517371, lng: 74.335275, accuracy:10.000000
lat: 31.517305, lng: 74.335277, accuracy:10.000000
lat: 31.517237, lng: 74.335300, accuracy:10.000000
lat: 31.517153, lng: 74.335318, accuracy:10.000000
lat: 31.517086, lng: 74.335323, accuracy:10.000000
lat: 31.516999, lng: 74.335316, accuracy:10.000000
lat: 31.516936, lng: 74.335318, accuracy:10.000000
lat: 31.516887, lng: 74.335335, accuracy:10.000000
lat: 31.516835, lng: 74.335333, accuracy:10.000000
lat: 31.516794, lng: 74.335326, accuracy:10.000000
lat: 31.516737, lng: 74.335313, accuracy:10.000000
lat: 31.516664, lng: 74.335306, accuracy:10.000000
lat: 31.516607, lng: 74.335312, accuracy:10.000000
lat: 31.516563, lng: 74.335318, accuracy:10.000000
lat: 31.516499, lng: 74.335307, accuracy:10.000000
lat: 31.516439, lng: 74.335296, accuracy:10.000000
lat: 31.516382, lng: 74.335284, accuracy:10.000000
lat: 31.516334, lng: 74.335271, accuracy:10.000000
lat: 31.516290, lng: 74.335278, accuracy:10.000000
lat: 31.516242, lng: 74.335285, accuracy:10.000000
lat: 31.516214, lng: 74.335277, accuracy:10.000000
lat: 31.516181, lng: 74.335277, accuracy:10.000000
lat: 31.516153, lng: 74.335266, accuracy:10.000000
lat: 31.516099, lng: 74.335259, accuracy:10.000000
lat: 31.516017, lng: 74.335258, accuracy:10.000000
lat: 31.515955, lng: 74.335252, accuracy:10.000000
lat: 31.515900, lng: 74.335266, accuracy:10.000000
lat: 31.515834, lng: 74.335271, accuracy:10.000000
lat: 31.515791, lng: 74.335255, accuracy:10.000000
lat: 31.515742, lng: 74.335250, accuracy:10.000000
lat: 31.515662, lng: 74.335259, accuracy:10.000000
lat: 31.515596, lng: 74.335264, accuracy:10.000000
lat: 31.515509, lng: 74.335260, accuracy:10.000000
lat: 31.515473, lng: 74.335268, accuracy:10.000000
lat: 31.515403, lng: 74.335267, accuracy:10.000000
lat: 31.515349, lng: 74.335265, accuracy:10.000000
lat: 31.515300, lng: 74.335282, accuracy:10.000000
lat: 31.515227, lng: 74.335300, accuracy:10.000000
lat: 31.515169, lng: 74.335333, accuracy:10.000000
lat: 31.515104, lng: 74.335342, accuracy:10.000000
lat: 31.515026, lng: 74.335380, accuracy:10.000000
lat: 31.514959, lng: 74.335405, accuracy:10.000000
lat: 31.514914, lng: 74.335454, accuracy:10.000000
lat: 31.514849, lng: 74.335501, accuracy:10.000000
lat: 31.514790, lng: 74.335544, accuracy:10.000000
lat: 31.514738, lng: 74.335602, accuracy:10.000000
lat: 31.514718, lng: 74.335709, accuracy:10.000000
lat: 31.514685, lng: 74.335777, accuracy:10.000000
lat: 31.514648, lng: 74.335792, accuracy:10.000000
lat: 31.514612, lng: 74.335797, accuracy:10.000000
lat: 31.514552, lng: 74.335820, accuracy:10.000000
lat: 31.514504, lng: 74.335864, accuracy:10.000000
lat: 31.514453, lng: 74.335910, accuracy:10.000000
lat: 31.514386, lng: 74.335948, accuracy:10.000000
lat: 31.514325, lng: 74.336004, accuracy:10.000000
lat: 31.514262, lng: 74.336042, accuracy:10.000000
lat: 31.514210, lng: 74.336105, accuracy:10.000000
lat: 31.514137, lng: 74.336164, accuracy:10.000000
lat: 31.514076, lng: 74.336191, accuracy:10.000000
lat: 31.514010, lng: 74.336216, accuracy:10.000000
lat: 31.513950, lng: 74.336281, accuracy:10.000000
lat: 31.513877, lng: 74.336338, accuracy:10.000000
lat: 31.513816, lng: 74.336380, accuracy:10.000000
lat: 31.513756, lng: 74.336425, accuracy:10.000000
lat: 31.513697, lng: 74.336486, accuracy:10.000000
lat: 31.513657, lng: 74.336540, accuracy:10.000000
lat: 31.513616, lng: 74.336599, accuracy:10.000000
lat: 31.513594, lng: 74.336680, accuracy:10.000000
lat: 31.513567, lng: 74.336676, accuracy:10.000000
lat: 31.513547, lng: 74.336669, accuracy:10.000000
lat: 31.513521, lng: 74.336698, accuracy:10.000000
lat: 31.513494, lng: 74.336726, accuracy:10.000000
lat: 31.513467, lng: 74.336764, accuracy:10.000000
lat: 31.513440, lng: 74.336780, accuracy:10.000000
lat: 31.513394, lng: 74.336814, accuracy:10.000000
lat: 31.513319, lng: 74.336845, accuracy:10.000000
lat: 31.513307, lng: 74.336895, accuracy:10.000000
lat: 31.513281, lng: 74.336951, accuracy:10.000000
lat: 31.513256, lng: 74.336967, accuracy:10.000000
lat: 31.513225, lng: 74.337034, accuracy:10.000000
lat: 31.513197, lng: 74.337077, accuracy:10.000000
lat: 31.513161, lng: 74.337081, accuracy:10.000000
lat: 31.513129, lng: 74.337094, accuracy:10.000000
lat: 31.513110, lng: 74.337118, accuracy:10.000000
lat: 31.513097, lng: 74.337119, accuracy:10.000000
lat: 31.513088, lng: 74.337138, accuracy:10.000000
lat: 31.513088, lng: 74.337138, accuracy:10.000000
lat: 31.513080, lng: 74.337135, accuracy:10.000000
lat: 31.513074, lng: 74.337140, accuracy:10.000000
lat: 31.513069, lng: 74.337144, accuracy:10.000000
lat: 31.513065, lng: 74.337149, accuracy:10.000000
lat: 31.513061, lng: 74.337153, accuracy:10.000000
lat: 31.513058, lng: 74.337157, accuracy:10.000000
lat: 31.513054, lng: 74.337161, accuracy:10.000000
lat: 31.513047, lng: 74.337167, accuracy:10.000000
lat: 31.513041, lng: 74.337175, accuracy:10.000000
lat: 31.513036, lng: 74.337184, accuracy:10.000000
lat: 31.513029, lng: 74.337191, accuracy:10.000000
lat: 31.513015, lng: 74.337200, accuracy:10.000000
lat: 31.512998, lng: 74.337212, accuracy:10.000000
lat: 31.512983, lng: 74.337224, accuracy:10.000000
lat: 31.512972, lng: 74.337235, accuracy:10.000000
lat: 31.512965, lng: 74.337243, accuracy:10.000000
lat: 31.512967, lng: 74.337246, accuracy:10.000000
lat: 31.512967, lng: 74.337247, accuracy:10.000000
lat: 31.512965, lng: 74.337250, accuracy:10.000000
lat: 31.512963, lng: 74.337254, accuracy:10.000000
lat: 31.512960, lng: 74.337258, accuracy:10.000000
lat: 31.512956, lng: 74.337267, accuracy:10.000000
lat: 31.512948, lng: 74.337279, accuracy:10.000000
lat: 31.512932, lng: 74.337302, accuracy:10.000000
lat: 31.512914, lng: 74.337321, accuracy:10.000000
lat: 31.512899, lng: 74.337341, accuracy:10.000000
lat: 31.512885, lng: 74.337354, accuracy:10.000000
lat: 31.512869, lng: 74.337366, accuracy:10.000000
lat: 31.512852, lng: 74.337382, accuracy:10.000000
lat: 31.512831, lng: 74.337404, accuracy:10.000000
lat: 31.512797, lng: 74.337439, accuracy:10.000000
lat: 31.512760, lng: 74.337478, accuracy:10.000000
lat: 31.512718, lng: 74.337524, accuracy:10.000000
lat: 31.512644, lng: 74.337603, accuracy:10.000000
lat: 31.512603, lng: 74.337645, accuracy:10.000000
lat: 31.512566, lng: 74.337682, accuracy:10.000000
lat: 31.512514, lng: 74.337722, accuracy:10.000000
lat: 31.512454, lng: 74.337775, accuracy:10.000000
lat: 31.512386, lng: 74.337823, accuracy:10.000000
lat: 31.512316, lng: 74.337851, accuracy:10.000000
lat: 31.512264, lng: 74.337905, accuracy:10.000000
lat: 31.512204, lng: 74.337934, accuracy:10.000000
lat: 31.512153, lng: 74.338000, accuracy:10.000000
lat: 31.512099, lng: 74.338022, accuracy:10.000000
lat: 31.512043, lng: 74.338057, accuracy:10.000000
lat: 31.512029, lng: 74.338103, accuracy:10.000000
lat: 31.512007, lng: 74.338143, accuracy:10.000000
lat: 31.511993, lng: 74.338183, accuracy:10.000000
lat: 31.511988, lng: 74.338251, accuracy:10.000000
lat: 31.511994, lng: 74.338288, accuracy:10.000000
lat: 31.511998, lng: 74.338322, accuracy:10.000000
lat: 31.512007, lng: 74.338370, accuracy:10.000000
lat: 31.512009, lng: 74.338426, accuracy:10.000000
lat: 31.512018, lng: 74.338469, accuracy:10.000000
lat: 31.512014, lng: 74.338532, accuracy:10.000000
lat: 31.511983, lng: 74.338603, accuracy:10.000000
lat: 31.511947, lng: 74.338657, accuracy:10.000000
lat: 31.511917, lng: 74.338704, accuracy:10.000000
lat: 31.511876, lng: 74.338750, accuracy:10.000000
lat: 31.511839, lng: 74.338780, accuracy:5.000000
lat: 31.511811, lng: 74.338799, accuracy:5.000000
lat: 31.511772, lng: 74.338820, accuracy:5.000000
lat: 31.511724, lng: 74.338835, accuracy:5.000000
lat: 31.511681, lng: 74.338850, accuracy:5.000000
lat: 31.511629, lng: 74.338875, accuracy:5.000000
lat: 31.511586, lng: 74.338884, accuracy:5.000000
lat: 31.511549, lng: 74.338902, accuracy:5.000000
lat: 31.511511, lng: 74.338940, accuracy:5.000000
lat: 31.511470, lng: 74.339000, accuracy:5.000000
lat: 31.511438, lng: 74.339081, accuracy:5.000000
lat: 31.511403, lng: 74.339165, accuracy:5.000000
lat: 31.511364, lng: 74.339246, accuracy:5.000000
lat: 31.511332, lng: 74.339329, accuracy:5.000000
lat: 31.511301, lng: 74.339416, accuracy:5.000000
lat: 31.511263, lng: 74.339508, accuracy:5.000000
lat: 31.511220, lng: 74.339593, accuracy:5.000000
lat: 31.511190, lng: 74.339680, accuracy:5.000000
lat: 31.511146, lng: 74.339775, accuracy:5.000000
lat: 31.511107, lng: 74.339853, accuracy:5.000000
lat: 31.511072, lng: 74.339933, accuracy:5.000000
lat: 31.511040, lng: 74.339999, accuracy:5.000000
lat: 31.511016, lng: 74.340065, accuracy:5.000000
lat: 31.511013, lng: 74.340128, accuracy:5.000000
lat: 31.511017, lng: 74.340193, accuracy:5.000000
lat: 31.511028, lng: 74.340218, accuracy:5.000000
lat: 31.511037, lng: 74.340237, accuracy:5.000000
lat: 31.511042, lng: 74.340263, accuracy:5.000000
lat: 31.511052, lng: 74.340284, accuracy:5.000000
lat: 31.511070, lng: 74.340308, accuracy:5.000000
lat: 31.511085, lng: 74.340344, accuracy:5.000000
lat: 31.511108, lng: 74.340384, accuracy:5.000000
lat: 31.511136, lng: 74.340437, accuracy:5.000000
lat: 31.511172, lng: 74.340486, accuracy:5.000000
lat: 31.511206, lng: 74.340543, accuracy:5.000000
lat: 31.511237, lng: 74.340600, accuracy:5.000000
lat: 31.511273, lng: 74.340669, accuracy:5.000000
lat: 31.511312, lng: 74.340730, accuracy:5.000000
lat: 31.511359, lng: 74.340790, accuracy:5.000000
lat: 31.511417, lng: 74.340859, accuracy:5.000000
lat: 31.511473, lng: 74.340924, accuracy:5.000000
lat: 31.511544, lng: 74.340983, accuracy:5.000000
lat: 31.511595, lng: 74.341034, accuracy:5.000000
lat: 31.511663, lng: 74.341067, accuracy:5.000000
lat: 31.511727, lng: 74.341115, accuracy:5.000000
lat: 31.511791, lng: 74.341167, accuracy:5.000000
lat: 31.511865, lng: 74.341231, accuracy:5.000000
lat: 31.511941, lng: 74.341289, accuracy:5.000000
lat: 31.512019, lng: 74.341348, accuracy:5.000000
lat: 31.512095, lng: 74.341405, accuracy:5.000000
lat: 31.512195, lng: 74.341458, accuracy:5.000000
lat: 31.512297, lng: 74.341525, accuracy:5.000000
lat: 31.512378, lng: 74.341593, accuracy:5.000000
lat: 31.512465, lng: 74.341652, accuracy:5.000000
lat: 31.512550, lng: 74.341716, accuracy:5.000000
lat: 31.512617, lng: 74.341752, accuracy:5.000000
lat: 31.512704, lng: 74.341806, accuracy:5.000000
lat: 31.512760, lng: 74.341849, accuracy:5.000000
lat: 31.512816, lng: 74.341881, accuracy:5.000000
lat: 31.512873, lng: 74.341915, accuracy:5.000000
lat: 31.512874, lng: 74.341940, accuracy:5.000000
lat: 31.512910, lng: 74.341960, accuracy:5.000000
lat: 31.512938, lng: 74.341978, accuracy:10.000000
lat: 31.512954, lng: 74.341984, accuracy:10.000000
lat: 31.512967, lng: 74.341984, accuracy:10.000000
lat: 31.512983, lng: 74.341986, accuracy:10.000000
lat: 31.512992, lng: 74.341985, accuracy:10.000000
lat: 31.513005, lng: 74.341993, accuracy:10.000000
lat: 31.513019, lng: 74.342013, accuracy:10.000000
lat: 31.513040, lng: 74.342022, accuracy:10.000000
lat: 31.513051, lng: 74.342035, accuracy:10.000000
lat: 31.513064, lng: 74.342056, accuracy:10.000000
lat: 31.513073, lng: 74.342074, accuracy:10.000000
lat: 31.513075, lng: 74.342094, accuracy:10.000000
lat: 31.513067, lng: 74.342117, accuracy:10.000000
lat: 31.513049, lng: 74.342135, accuracy:10.000000
lat: 31.513028, lng: 74.342144, accuracy:10.000000
lat: 31.513001, lng: 74.342144, accuracy:10.000000
lat: 31.512968, lng: 74.342139, accuracy:10.000000
lat: 31.512888, lng: 74.342112, accuracy:10.000000
lat: 31.512823, lng: 74.342091, accuracy:10.000000
lat: 31.512725, lng: 74.342067, accuracy:10.000000
lat: 31.512634, lng: 74.342029, accuracy:10.000000
lat: 31.512557, lng: 74.342007, accuracy:10.000000
lat: 31.512489, lng: 74.341967, accuracy:10.000000
lat: 31.512432, lng: 74.341942, accuracy:10.000000
lat: 31.512375, lng: 74.341917, accuracy:10.000000
lat: 31.512299, lng: 74.341890, accuracy:10.000000
lat: 31.512246, lng: 74.341859, accuracy:10.000000
lat: 31.512171, lng: 74.341818, accuracy:10.000000
lat: 31.512075, lng: 74.341766, accuracy:10.000000
lat: 31.511966, lng: 74.341721, accuracy:10.000000
lat: 31.511881, lng: 74.341694, accuracy:10.000000
lat: 31.511809, lng: 74.341628, accuracy:10.000000
lat: 31.511704, lng: 74.341577, accuracy:10.000000
lat: 31.511639, lng: 74.341515, accuracy:10.000000
lat: 31.511539, lng: 74.341483, accuracy:10.000000
lat: 31.511462, lng: 74.341438, accuracy:10.000000
lat: 31.511350, lng: 74.341405, accuracy:10.000000
lat: 31.511250, lng: 74.341350, accuracy:10.000000
lat: 31.511188, lng: 74.341351, accuracy:10.000000
lat: 31.511158, lng: 74.341386, accuracy:10.000000
lat: 31.511085, lng: 74.341404, accuracy:10.000000
lat: 31.511015, lng: 74.341420, accuracy:10.000000
lat: 31.510959, lng: 74.341424, accuracy:10.000000
lat: 31.510892, lng: 74.341432, accuracy:10.000000
lat: 31.510838, lng: 74.341442, accuracy:10.000000
lat: 31.510784, lng: 74.341444, accuracy:10.000000
lat: 31.510729, lng: 74.341445, accuracy:10.000000
lat: 31.510674, lng: 74.341441, accuracy:10.000000
lat: 31.510637, lng: 74.341455, accuracy:10.000000
lat: 31.510588, lng: 74.341455, accuracy:10.000000
lat: 31.510548, lng: 74.341467, accuracy:10.000000
lat: 31.510516, lng: 74.341509, accuracy:10.000000
lat: 31.510472, lng: 74.341535, accuracy:10.000000
lat: 31.510448, lng: 74.341572, accuracy:10.000000
lat: 31.510420, lng: 74.341620, accuracy:10.000000
lat: 31.510383, lng: 74.341684, accuracy:10.000000
lat: 31.510359, lng: 74.341756, accuracy:10.000000
lat: 31.510322, lng: 74.341850, accuracy:10.000000
lat: 31.510297, lng: 74.341908, accuracy:10.000000
lat: 31.510268, lng: 74.341974, accuracy:10.000000
lat: 31.510236, lng: 74.342032, accuracy:10.000000
lat: 31.510206, lng: 74.342098, accuracy:10.000000
lat: 31.510187, lng: 74.342164, accuracy:10.000000
lat: 31.510157, lng: 74.342231, accuracy:10.000000
lat: 31.510128, lng: 74.342300, accuracy:10.000000
lat: 31.510108, lng: 74.342372, accuracy:10.000000
lat: 31.510081, lng: 74.342434, accuracy:10.000000
lat: 31.510059, lng: 74.342490, accuracy:10.000000
lat: 31.510049, lng: 74.342528, accuracy:10.000000
lat: 31.510046, lng: 74.342585, accuracy:10.000000
lat: 31.510034, lng: 74.342627, accuracy:10.000000
lat: 31.510008, lng: 74.342661, accuracy:10.000000
lat: 31.509985, lng: 74.342705, accuracy:10.000000
lat: 31.509973, lng: 74.342750, accuracy:10.000000
lat: 31.509960, lng: 74.342794, accuracy:10.000000
lat: 31.509937, lng: 74.342852, accuracy:10.000000
lat: 31.509906, lng: 74.342919, accuracy:10.000000
lat: 31.509883, lng: 74.342977, accuracy:10.000000
lat: 31.509861, lng: 74.343039, accuracy:10.000000
lat: 31.509825, lng: 74.343111, accuracy:10.000000
lat: 31.509790, lng: 74.343191, accuracy:10.000000
lat: 31.509766, lng: 74.343206, accuracy:10.000000
lat: 31.509776, lng: 74.343219, accuracy:10.000000
lat: 31.509781, lng: 74.343229, accuracy:10.000000
lat: 31.509713, lng: 74.343255, accuracy:10.000000
lat: 31.509694, lng: 74.343297, accuracy:10.000000
lat: 31.509688, lng: 74.343305, accuracy:10.000000
lat: 31.509681, lng: 74.343316, accuracy:10.000000
lat: 31.509696, lng: 74.343328, accuracy:10.000000
lat: 31.509673, lng: 74.343381, accuracy:10.000000
lat: 31.509644, lng: 74.343432, accuracy:10.000000
lat: 31.509624, lng: 74.343490, accuracy:10.000000
lat: 31.509606, lng: 74.343548, accuracy:10.000000
lat: 31.509612, lng: 74.343595, accuracy:10.000000
lat: 31.509592, lng: 74.343642, accuracy:10.000000
lat: 31.509589, lng: 74.343697, accuracy:10.000000
lat: 31.509581, lng: 74.343731, accuracy:10.000000
lat: 31.509566, lng: 74.343798, accuracy:10.000000
lat: 31.509532, lng: 74.343863, accuracy:10.000000
lat: 31.509514, lng: 74.343912, accuracy:10.000000
lat: 31.509488, lng: 74.343961, accuracy:10.000000
lat: 31.509482, lng: 74.343997, accuracy:10.000000
lat: 31.509437, lng: 74.344056, accuracy:10.000000
lat: 31.509428, lng: 74.344119, accuracy:10.000000
lat: 31.509392, lng: 74.344200, accuracy:10.000000
lat: 31.509362, lng: 74.344261, accuracy:10.000000
lat: 31.509341, lng: 74.344308, accuracy:10.000000
lat: 31.509305, lng: 74.344356, accuracy:10.000000
lat: 31.509270, lng: 74.344401, accuracy:10.000000
lat: 31.509254, lng: 74.344457, accuracy:10.000000
lat: 31.509234, lng: 74.344512, accuracy:10.000000
lat: 31.509211, lng: 74.344582, accuracy:10.000000
lat: 31.509172, lng: 74.344642, accuracy:10.000000
lat: 31.509139, lng: 74.344706, accuracy:10.000000
lat: 31.509112, lng: 74.344765, accuracy:10.000000
lat: 31.509086, lng: 74.344826, accuracy:10.000000
lat: 31.509062, lng: 74.344891, accuracy:10.000000
lat: 31.509026, lng: 74.344961, accuracy:10.000000
lat: 31.509000, lng: 74.345016, accuracy:10.000000
lat: 31.508973, lng: 74.345080, accuracy:10.000000
lat: 31.508960, lng: 74.345128, accuracy:10.000000
lat: 31.508936, lng: 74.345174, accuracy:10.000000
lat: 31.508911, lng: 74.345225, accuracy:10.000000
lat: 31.508895, lng: 74.345278, accuracy:10.000000
lat: 31.508873, lng: 74.345336, accuracy:10.000000
lat: 31.508862, lng: 74.345389, accuracy:10.000000
lat: 31.508853, lng: 74.345442, accuracy:10.000000
lat: 31.508832, lng: 74.345486, accuracy:10.000000
lat: 31.508820, lng: 74.345546, accuracy:10.000000
lat: 31.508797, lng: 74.345587, accuracy:10.000000
lat: 31.508774, lng: 74.345630, accuracy:10.000000
lat: 31.508728, lng: 74.345655, accuracy:10.000000
lat: 31.508711, lng: 74.345677, accuracy:10.000000
lat: 31.508695, lng: 74.345715, accuracy:10.000000
lat: 31.508685, lng: 74.345770, accuracy:10.000000
lat: 31.508658, lng: 74.345831, accuracy:10.000000
lat: 31.508644, lng: 74.345880, accuracy:10.000000
lat: 31.508616, lng: 74.345947, accuracy:10.000000
lat: 31.508597, lng: 74.346006, accuracy:10.000000
lat: 31.508582, lng: 74.346071, accuracy:10.000000
lat: 31.508554, lng: 74.346126, accuracy:10.000000
lat: 31.508542, lng: 74.346185, accuracy:10.000000
lat: 31.508517, lng: 74.346236, accuracy:10.000000
lat: 31.508503, lng: 74.346297, accuracy:10.000000
lat: 31.508491, lng: 74.346347, accuracy:10.000000
lat: 31.508464, lng: 74.346407, accuracy:10.000000
lat: 31.508429, lng: 74.346454, accuracy:10.000000
lat: 31.508401, lng: 74.346507, accuracy:10.000000
lat: 31.508378, lng: 74.346562, accuracy:10.000000
lat: 31.508346, lng: 74.346623, accuracy:10.000000
lat: 31.508312, lng: 74.346675, accuracy:10.000000
lat: 31.508288, lng: 74.346747, accuracy:10.000000
lat: 31.508271, lng: 74.346797, accuracy:10.000000
lat: 31.508256, lng: 74.346842, accuracy:10.000000
lat: 31.508234, lng: 74.346893, accuracy:10.000000
lat: 31.508198, lng: 74.346955, accuracy:10.000000
lat: 31.508181, lng: 74.347017, accuracy:10.000000
lat: 31.508158, lng: 74.347069, accuracy:10.000000
lat: 31.508140, lng: 74.347127, accuracy:10.000000
lat: 31.508121, lng: 74.347180, accuracy:10.000000
lat: 31.508094, lng: 74.347248, accuracy:10.000000
lat: 31.508071, lng: 74.347306, accuracy:10.000000
lat: 31.508050, lng: 74.347368, accuracy:10.000000
lat: 31.508027, lng: 74.347433, accuracy:10.000000
lat: 31.508005, lng: 74.347489, accuracy:10.000000
lat: 31.507984, lng: 74.347543, accuracy:10.000000
lat: 31.507954, lng: 74.347601, accuracy:10.000000
lat: 31.507930, lng: 74.347666, accuracy:10.000000
lat: 31.507909, lng: 74.347703, accuracy:10.000000
lat: 31.507888, lng: 74.347744, accuracy:10.000000
lat: 31.507877, lng: 74.347789, accuracy:10.000000
lat: 31.507864, lng: 74.347833, accuracy:10.000000
lat: 31.507856, lng: 74.347863, accuracy:10.000000
lat: 31.507835, lng: 74.347918, accuracy:10.000000
lat: 31.507818, lng: 74.347968, accuracy:10.000000
lat: 31.507805, lng: 74.348033, accuracy:10.000000
lat: 31.507783, lng: 74.348095, accuracy:10.000000
lat: 31.507769, lng: 74.348153, accuracy:10.000000
lat: 31.507753, lng: 74.348215, accuracy:10.000000
lat: 31.507741, lng: 74.348275, accuracy:10.000000
lat: 31.507724, lng: 74.348342, accuracy:10.000000
lat: 31.507716, lng: 74.348405, accuracy:10.000000
lat: 31.507691, lng: 74.348467, accuracy:10.000000
lat: 31.507667, lng: 74.348534, accuracy:10.000000
lat: 31.507666, lng: 74.348588, accuracy:10.000000
lat: 31.507651, lng: 74.348635, accuracy:10.000000
lat: 31.507643, lng: 74.348677, accuracy:10.000000
lat: 31.507638, lng: 74.348725, accuracy:10.000000
lat: 31.507632, lng: 74.348776, accuracy:10.000000
lat: 31.507630, lng: 74.348820, accuracy:10.000000
lat: 31.507615, lng: 74.348866, accuracy:10.000000
lat: 31.507605, lng: 74.348928, accuracy:10.000000
lat: 31.507591, lng: 74.349007, accuracy:10.000000
lat: 31.507593, lng: 74.349061, accuracy:10.000000
lat: 31.507589, lng: 74.349114, accuracy:10.000000
lat: 31.507587, lng: 74.349171, accuracy:10.000000
lat: 31.507574, lng: 74.349212, accuracy:10.000000
lat: 31.507584, lng: 74.349287, accuracy:10.000000
lat: 31.507590, lng: 74.349346, accuracy:10.000000
lat: 31.507593, lng: 74.349407, accuracy:10.000000
lat: 31.507607, lng: 74.349439, accuracy:10.000000
lat: 31.507610, lng: 74.349484, accuracy:10.000000
lat: 31.507623, lng: 74.349511, accuracy:10.000000
lat: 31.507638, lng: 74.349553, accuracy:10.000000
lat: 31.507664, lng: 74.349576, accuracy:10.000000
lat: 31.507701, lng: 74.349618, accuracy:10.000000
lat: 31.507722, lng: 74.349646, accuracy:10.000000
lat: 31.507749, lng: 74.349658, accuracy:10.000000
lat: 31.507774, lng: 74.349694, accuracy:10.000000
lat: 31.507798, lng: 74.349739, accuracy:10.000000
lat: 31.507824, lng: 74.349786, accuracy:10.000000
lat: 31.507850, lng: 74.349835, accuracy:10.000000
lat: 31.507884, lng: 74.349874, accuracy:10.000000
lat: 31.507924, lng: 74.349906, accuracy:10.000000
lat: 31.507967, lng: 74.349928, accuracy:10.000000
lat: 31.508009, lng: 74.349946, accuracy:10.000000
lat: 31.508051, lng: 74.349962, accuracy:10.000000
lat: 31.508094, lng: 74.349975, accuracy:10.000000
lat: 31.508138, lng: 74.349987, accuracy:10.000000
lat: 31.511146, lng: 74.350676, accuracy:10.000000
lat: 31.511188, lng: 74.350684, accuracy:10.000000
lat: 31.511228, lng: 74.350701, accuracy:10.000000
lat: 31.511274, lng: 74.350714, accuracy:10.000000
lat: 31.511310, lng: 74.350719, accuracy:10.000000
lat: 31.511346, lng: 74.350723, accuracy:10.000000
lat: 31.511376, lng: 74.350723, accuracy:10.000000
lat: 31.511403, lng: 74.350721, accuracy:10.000000
lat: 31.511431, lng: 74.350717, accuracy:10.000000
lat: 31.511460, lng: 74.350718, accuracy:10.000000
lat: 31.511485, lng: 74.350720, accuracy:10.000000
lat: 31.511510, lng: 74.350722, accuracy:10.000000
lat: 31.511534, lng: 74.350724, accuracy:10.000000
lat: 31.511561, lng: 74.350721, accuracy:10.000000
lat: 31.511587, lng: 74.350716, accuracy:10.000000
lat: 31.511613, lng: 74.350712, accuracy:10.000000
lat: 31.511639, lng: 74.350708, accuracy:10.000000
lat: 31.511662, lng: 74.350701, accuracy:10.000000
lat: 31.511683, lng: 74.350695, accuracy:10.000000
lat: 31.511695, lng: 74.350696, accuracy:10.000000
lat: 31.511711, lng: 74.350696, accuracy:10.000000
lat: 31.511732, lng: 74.350698, accuracy:10.000000
lat: 31.511750, lng: 74.350706, accuracy:10.000000
lat: 31.511771, lng: 74.350714, accuracy:10.000000
lat: 31.511792, lng: 74.350722, accuracy:10.000000
lat: 31.511810, lng: 74.350730, accuracy:10.000000
lat: 31.511829, lng: 74.350740, accuracy:10.000000
lat: 31.511852, lng: 74.350751, accuracy:10.000000
lat: 31.511881, lng: 74.350765, accuracy:10.000000
lat: 31.511919, lng: 74.350780, accuracy:10.000000
lat: 31.511919, lng: 74.350780, accuracy:10.000000
lat: 31.511919, lng: 74.350780, accuracy:10.000000
lat: 31.511973, lng: 74.350803, accuracy:10.000000
lat: 31.512000, lng: 74.350805, accuracy:10.000000
lat: 31.512000, lng: 74.350805, accuracy:10.000000
lat: 31.512050, lng: 74.350817, accuracy:10.000000
lat: 31.512050, lng: 74.350817, accuracy:10.000000
lat: 31.512079, lng: 74.350823, accuracy:10.000000
lat: 31.512109, lng: 74.350831, accuracy:10.000000
lat: 31.512140, lng: 74.350840, accuracy:10.000000
lat: 31.512177, lng: 74.350850, accuracy:10.000000
lat: 31.512211, lng: 74.350860, accuracy:10.000000
lat: 31.512246, lng: 74.350870, accuracy:10.000000
lat: 31.512280, lng: 74.350880, accuracy:10.000000
lat: 31.512313, lng: 74.350890, accuracy:10.000000
lat: 31.512348, lng: 74.350900, accuracy:10.000000
lat: 31.512383, lng: 74.350914, accuracy:10.000000
lat: 31.512416, lng: 74.350927, accuracy:10.000000
lat: 31.512449, lng: 74.350940, accuracy:10.000000
lat: 31.512476, lng: 74.350950, accuracy:10.000000
lat: 31.512507, lng: 74.350962, accuracy:10.000000
lat: 31.512536, lng: 74.350972, accuracy:10.000000
lat: 31.512566, lng: 74.350982, accuracy:10.000000
lat: 31.512596, lng: 74.350986, accuracy:10.000000
lat: 31.512630, lng: 74.350989, accuracy:10.000000
lat: 31.512630, lng: 74.350989, accuracy:10.000000
lat: 31.512681, lng: 74.350988, accuracy:10.000000
lat: 31.512681, lng: 74.350988, accuracy:10.000000
lat: 31.512715, lng: 74.350992, accuracy:10.000000
lat: 31.512759, lng: 74.351016, accuracy:10.000000
lat: 31.512858, lng: 74.351111, accuracy:10.000000
lat: 31.512884, lng: 74.351130, accuracy:10.000000
lat: 31.512940, lng: 74.351100, accuracy:10.000000
lat: 31.513075, lng: 74.351189, accuracy:10.000000
lat: 31.513082, lng: 74.351171, accuracy:10.000000
lat: 31.513104, lng: 74.351146, accuracy:10.000000
lat: 31.513104, lng: 74.351169, accuracy:10.000000
lat: 31.513109, lng: 74.351173, accuracy:10.000000
lat: 31.513169, lng: 74.351174, accuracy:10.000000
lat: 31.513177, lng: 74.351134, accuracy:10.000000
lat: 31.513244, lng: 74.351177, accuracy:10.000000
lat: 31.513275, lng: 74.351194, accuracy:10.000000
lat: 31.513257, lng: 74.351126, accuracy:10.000000
lat: 31.513290, lng: 74.351112, accuracy:10.000000
lat: 31.513304, lng: 74.351151, accuracy:10.000000
lat: 31.513318, lng: 74.351141, accuracy:10.000000
lat: 31.513340, lng: 74.351147, accuracy:10.000000
lat: 31.513363, lng: 74.351158, accuracy:10.000000
lat: 31.513386, lng: 74.351164, accuracy:10.000000
lat: 31.513413, lng: 74.351169, accuracy:10.000000
lat: 31.513442, lng: 74.351175, accuracy:10.000000
lat: 31.513470, lng: 74.351182, accuracy:10.000000
lat: 31.513499, lng: 74.351190, accuracy:10.000000
lat: 31.513530, lng: 74.351197, accuracy:10.000000
lat: 31.513559, lng: 74.351205, accuracy:10.000000
lat: 31.513588, lng: 74.351210, accuracy:10.000000
lat: 31.513616, lng: 74.351215, accuracy:10.000000
lat: 31.513645, lng: 74.351222, accuracy:10.000000
lat: 31.513673, lng: 74.351230, accuracy:10.000000
lat: 31.513699, lng: 74.351240, accuracy:10.000000
lat: 31.513725, lng: 74.351248, accuracy:10.000000
lat: 31.513749, lng: 74.351254, accuracy:10.000000
lat: 31.513772, lng: 74.351261, accuracy:5.000000
lat: 31.513796, lng: 74.351268, accuracy:5.000000
lat: 31.513820, lng: 74.351272, accuracy:5.000000
lat: 31.513844, lng: 74.351275, accuracy:5.000000
lat: 31.513868, lng: 74.351277, accuracy:5.000000
lat: 31.513891, lng: 74.351282, accuracy:5.000000
lat: 31.513914, lng: 74.351287, accuracy:5.000000
lat: 31.513938, lng: 74.351292, accuracy:5.000000
lat: 31.513962, lng: 74.351296, accuracy:5.000000
lat: 31.513986, lng: 74.351301, accuracy:5.000000
lat: 31.514010, lng: 74.351307, accuracy:5.000000
lat: 31.514034, lng: 74.351316, accuracy:5.000000
lat: 31.514058, lng: 74.351324, accuracy:5.000000
lat: 31.514083, lng: 74.351330, accuracy:5.000000
lat: 31.514108, lng: 74.351338, accuracy:5.000000
lat: 31.514134, lng: 74.351347, accuracy:5.000000
lat: 31.514161, lng: 74.351354, accuracy:5.000000
lat: 31.514188, lng: 74.351360, accuracy:5.000000
lat: 31.514216, lng: 74.351365, accuracy:5.000000
lat: 31.514246, lng: 74.351372, accuracy:5.000000
lat: 31.514278, lng: 74.351380, accuracy:5.000000
lat: 31.514313, lng: 74.351387, accuracy:5.000000
lat: 31.514356, lng: 74.351392, accuracy:5.000000
lat: 31.514387, lng: 74.351395, accuracy:5.000000
lat: 31.514416, lng: 74.351397, accuracy:5.000000
lat: 31.514444, lng: 74.351401, accuracy:5.000000
lat: 31.514471, lng: 74.351405, accuracy:5.000000
lat: 31.514493, lng: 74.351411, accuracy:5.000000
lat: 31.514514, lng: 74.351418, accuracy:5.000000
lat: 31.514535, lng: 74.351423, accuracy:5.000000
lat: 31.514557, lng: 74.351423, accuracy:5.000000
lat: 31.514581, lng: 74.351427, accuracy:5.000000
lat: 31.514602, lng: 74.351432, accuracy:5.000000
lat: 31.514623, lng: 74.351441, accuracy:5.000000
lat: 31.514648, lng: 74.351450, accuracy:5.000000
lat: 31.514679, lng: 74.351461, accuracy:5.000000
lat: 31.514705, lng: 74.351469, accuracy:5.000000
lat: 31.514727, lng: 74.351478, accuracy:5.000000
lat: 31.514756, lng: 74.351487, accuracy:5.000000
lat: 31.514781, lng: 74.351496, accuracy:5.000000
lat: 31.514807, lng: 74.351502, accuracy:5.000000
lat: 31.514833, lng: 74.351510, accuracy:5.000000
lat: 31.514859, lng: 74.351516, accuracy:5.000000
lat: 31.514886, lng: 74.351522, accuracy:5.000000
lat: 31.514913, lng: 74.351528, accuracy:5.000000
lat: 31.514941, lng: 74.351535, accuracy:5.000000
lat: 31.514971, lng: 74.351540, accuracy:5.000000
lat: 31.515003, lng: 74.351547, accuracy:5.000000
lat: 31.515042, lng: 74.351556, accuracy:5.000000
lat: 31.515088, lng: 74.351564, accuracy:5.000000
lat: 31.515128, lng: 74.351573, accuracy:5.000000
lat: 31.515225, lng: 74.351585, accuracy:5.000000
lat: 31.515305, lng: 74.351624, accuracy:5.000000
lat: 31.515372, lng: 74.351643, accuracy:5.000000
lat: 31.515442, lng: 74.351660, accuracy:5.000000
lat: 31.515528, lng: 74.351681, accuracy:5.000000
lat: 31.515621, lng: 74.351704, accuracy:10.000000
lat: 31.515709, lng: 74.351726, accuracy:10.000000
lat: 31.515798, lng: 74.351739, accuracy:5.000000
lat: 31.515905, lng: 74.351761, accuracy:5.000000
lat: 31.516000, lng: 74.351778, accuracy:5.000000
lat: 31.516104, lng: 74.351801, accuracy:5.000000
lat: 31.516196, lng: 74.351828, accuracy:5.000000
lat: 31.516291, lng: 74.351849, accuracy:5.000000
lat: 31.516384, lng: 74.351874, accuracy:5.000000
lat: 31.516478, lng: 74.351891, accuracy:5.000000
lat: 31.516577, lng: 74.351912, accuracy:5.000000
lat: 31.516670, lng: 74.351933, accuracy:5.000000
lat: 31.516753, lng: 74.351950, accuracy:5.000000
lat: 31.516845, lng: 74.351972, accuracy:5.000000
lat: 31.516939, lng: 74.351993, accuracy:5.000000
lat: 31.517038, lng: 74.352006, accuracy:5.000000
lat: 31.517138, lng: 74.352020, accuracy:5.000000
lat: 31.517248, lng: 74.352041, accuracy:5.000000
lat: 31.517343, lng: 74.352042, accuracy:10.000000
lat: 31.517456, lng: 74.352050, accuracy:10.000000
lat: 31.517565, lng: 74.352047, accuracy:10.000000
lat: 31.517645, lng: 74.352086, accuracy:10.000000
lat: 31.517754, lng: 74.352067, accuracy:10.000000
lat: 31.517890, lng: 74.352047, accuracy:10.000000
lat: 31.517990, lng: 74.352031, accuracy:10.000000
lat: 31.518111, lng: 74.352023, accuracy:10.000000
lat: 31.518224, lng: 74.352001, accuracy:10.000000
lat: 31.518315, lng: 74.351980, accuracy:10.000000
lat: 31.518432, lng: 74.351952, accuracy:10.000000
lat: 31.518537, lng: 74.351909, accuracy:10.000000
lat: 31.518637, lng: 74.351877, accuracy:10.000000
lat: 31.518707, lng: 74.351854, accuracy:10.000000
lat: 31.518769, lng: 74.351839, accuracy:10.000000
lat: 31.518838, lng: 74.351819, accuracy:10.000000
lat: 31.518921, lng: 74.351795, accuracy:10.000000
lat: 31.519003, lng: 74.351773, accuracy:10.000000
lat: 31.519094, lng: 74.351763, accuracy:10.000000
lat: 31.519194, lng: 74.351739, accuracy:10.000000
lat: 31.519301, lng: 74.351718, accuracy:10.000000
lat: 31.519397, lng: 74.351682, accuracy:10.000000
lat: 31.519513, lng: 74.351662, accuracy:10.000000
lat: 31.519615, lng: 74.351638, accuracy:10.000000
lat: 31.519730, lng: 74.351604, accuracy:10.000000
lat: 31.519831, lng: 74.351576, accuracy:10.000000
lat: 31.519943, lng: 74.351532, accuracy:10.000000
lat: 31.520057, lng: 74.351495, accuracy:10.000000
lat: 31.520181, lng: 74.351462, accuracy:10.000000
lat: 31.520293, lng: 74.351424, accuracy:10.000000
lat: 31.520435, lng: 74.351419, accuracy:10.000000
lat: 31.520542, lng: 74.351387, accuracy:10.000000
lat: 31.520607, lng: 74.351370, accuracy:10.000000
lat: 31.520643, lng: 74.351343, accuracy:10.000000
lat: 31.520682, lng: 74.351327, accuracy:10.000000
lat: 31.520726, lng: 74.351295, accuracy:10.000000
lat: 31.520771, lng: 74.351278, accuracy:10.000000
lat: 31.520753, lng: 74.351249, accuracy:10.000000
lat: 31.520767, lng: 74.351228, accuracy:10.000000
lat: 31.520793, lng: 74.351214, accuracy:10.000000
lat: 31.520815, lng: 74.351191, accuracy:10.000000
lat: 31.520840, lng: 74.351140, accuracy:10.000000
lat: 31.520873, lng: 74.351105, accuracy:10.000000
lat: 31.520917, lng: 74.351088, accuracy:10.000000
lat: 31.520940, lng: 74.351079, accuracy:10.000000
lat: 31.520973, lng: 74.351099, accuracy:10.000000
lat: 31.520990, lng: 74.351096, accuracy:10.000000
lat: 31.521012, lng: 74.351099, accuracy:10.000000
lat: 31.521033, lng: 74.351105, accuracy:10.000000
lat: 31.521060, lng: 74.351109, accuracy:10.000000
lat: 31.521082, lng: 74.351119, accuracy:10.000000
lat: 31.521106, lng: 74.351137, accuracy:10.000000
lat: 31.521128, lng: 74.351163, accuracy:10.000000
lat: 31.521163, lng: 74.351203, accuracy:10.000000
lat: 31.521188, lng: 74.351252, accuracy:10.000000
lat: 31.521204, lng: 74.351304, accuracy:10.000000
lat: 31.521209, lng: 74.351351, accuracy:10.000000
lat: 31.521210, lng: 74.351395, accuracy:10.000000
lat: 31.521205, lng: 74.351408, accuracy:10.000000
lat: 31.521202, lng: 74.351427, accuracy:10.000000
lat: 31.521194, lng: 74.351451, accuracy:10.000000
lat: 31.521179, lng: 74.351477, accuracy:10.000000
lat: 31.521155, lng: 74.351510, accuracy:10.000000
lat: 31.521131, lng: 74.351534, accuracy:10.000000
lat: 31.521105, lng: 74.351550, accuracy:10.000000
lat: 31.521082, lng: 74.351563, accuracy:10.000000
lat: 31.521059, lng: 74.351573, accuracy:10.000000
lat: 31.521034, lng: 74.351581, accuracy:10.000000
lat: 31.521009, lng: 74.351586, accuracy:10.000000
lat: 31.520991, lng: 74.351588, accuracy:10.000000
lat: 31.520969, lng: 74.351591, accuracy:10.000000
lat: 31.520940, lng: 74.351588, accuracy:10.000000
lat: 31.520916, lng: 74.351583, accuracy:10.000000
lat: 31.520897, lng: 74.351574, accuracy:10.000000
lat: 31.520881, lng: 74.351561, accuracy:10.000000
lat: 31.520868, lng: 74.351544, accuracy:10.000000
lat: 31.520854, lng: 74.351528, accuracy:10.000000
lat: 31.520842, lng: 74.351512, accuracy:10.000000
lat: 31.520832, lng: 74.351492, accuracy:10.000000
lat: 31.520822, lng: 74.351472, accuracy:10.000000
lat: 31.520809, lng: 74.351444, accuracy:10.000000
lat: 31.520799, lng: 74.351404, accuracy:10.000000
lat: 31.520795, lng: 74.351362, accuracy:10.000000
lat: 31.520795, lng: 74.351321, accuracy:10.000000
lat: 31.520801, lng: 74.351275, accuracy:10.000000
lat: 31.520809, lng: 74.351226, accuracy:10.000000
lat: 31.520825, lng: 74.351163, accuracy:10.000000
lat: 31.520863, lng: 74.351068, accuracy:10.000000
lat: 31.520901, lng: 74.350991, accuracy:10.000000
lat: 31.520908, lng: 74.350916, accuracy:10.000000
lat: 31.520895, lng: 74.350811, accuracy:10.000000
lat: 31.520866, lng: 74.350698, accuracy:10.000000
lat: 31.520847, lng: 74.350577, accuracy:10.000000
lat: 31.520803, lng: 74.350513, accuracy:10.000000
lat: 31.520769, lng: 74.350405, accuracy:10.000000
lat: 31.520790, lng: 74.350332, accuracy:10.000000
lat: 31.520740, lng: 74.350232, accuracy:10.000000
lat: 31.520757, lng: 74.350135, accuracy:10.000000
lat: 31.520774, lng: 74.350062, accuracy:10.000000
lat: 31.520793, lng: 74.349963, accuracy:10.000000
lat: 31.520807, lng: 74.349858, accuracy:10.000000
lat: 31.520834, lng: 74.349760, accuracy:10.000000
lat: 31.520815, lng: 74.349651, accuracy:10.000000
lat: 31.520834, lng: 74.349537, accuracy:10.000000
lat: 31.518697, lng: 74.345328, accuracy:10.000000
lat: 31.518682, lng: 74.345314, accuracy:10.000000
lat: 31.518666, lng: 74.345304, accuracy:10.000000
lat: 31.518651, lng: 74.345295, accuracy:10.000000
lat: 31.518637, lng: 74.345288, accuracy:10.000000
lat: 31.518621, lng: 74.345278, accuracy:10.000000
lat: 31.518609, lng: 74.345267, accuracy:10.000000
lat: 31.518604, lng: 74.345250, accuracy:10.000000
lat: 31.518605, lng: 74.345224, accuracy:10.000000
lat: 31.518608, lng: 74.345201, accuracy:10.000000
lat: 31.518614, lng: 74.345180, accuracy:10.000000
lat: 31.518623, lng: 74.345167, accuracy:10.000000
lat: 31.518638, lng: 74.345165, accuracy:10.000000
lat: 31.518659, lng: 74.345172, accuracy:10.000000
lat: 31.518686, lng: 74.345178, accuracy:10.000000
lat: 31.518715, lng: 74.345188, accuracy:10.000000
lat: 31.518781, lng: 74.345214, accuracy:10.000000
lat: 31.518914, lng: 74.345279, accuracy:10.000000
lat: 31.518995, lng: 74.345315, accuracy:10.000000
lat: 31.519027, lng: 74.345340, accuracy:10.000000
lat: 31.519110, lng: 74.345381, accuracy:10.000000
lat: 31.519187, lng: 74.345429, accuracy:10.000000
lat: 31.519292, lng: 74.345483, accuracy:10.000000
lat: 31.519387, lng: 74.345509, accuracy:10.000000
lat: 31.519507, lng: 74.345567, accuracy:10.000000
lat: 31.519600, lng: 74.345616, accuracy:10.000000
lat: 31.519705, lng: 74.345673, accuracy:10.000000
lat: 31.519825, lng: 74.345724, accuracy:10.000000
lat: 31.519935, lng: 74.345818, accuracy:10.000000
lat: 31.520052, lng: 74.345888, accuracy:10.000000
lat: 31.520181, lng: 74.345946, accuracy:10.000000
lat: 31.520284, lng: 74.345992, accuracy:10.000000
lat: 31.520371, lng: 74.346049, accuracy:10.000000
lat: 31.520478, lng: 74.346101, accuracy:10.000000
lat: 31.520559, lng: 74.346169, accuracy:10.000000
lat: 31.520624, lng: 74.346225, accuracy:10.000000
lat: 31.520751, lng: 74.346283, accuracy:10.000000
lat: 31.520848, lng: 74.346342, accuracy:10.000000
lat: 31.520967, lng: 74.346386, accuracy:10.000000
lat: 31.521070, lng: 74.346435, accuracy:10.000000
lat: 31.521177, lng: 74.346489, accuracy:10.000000
lat: 31.521286, lng: 74.346547, accuracy:10.000000
lat: 31.521400, lng: 74.346607, accuracy:10.000000
lat: 31.521497, lng: 74.346652, accuracy:10.000000
lat: 31.521619, lng: 74.346696, accuracy:10.000000
lat: 31.521666, lng: 74.346744, accuracy:10.000000
lat: 31.521711, lng: 74.346806, accuracy:10.000000
lat: 31.521784, lng: 74.346855, accuracy:10.000000
lat: 31.521857, lng: 74.346891, accuracy:10.000000
lat: 31.521929, lng: 74.346925, accuracy:10.000000
lat: 31.521989, lng: 74.346950, accuracy:10.000000
lat: 31.522042, lng: 74.346974, accuracy:10.000000
lat: 31.522093, lng: 74.346999, accuracy:10.000000
lat: 31.522134, lng: 74.347013, accuracy:10.000000
lat: 31.522174, lng: 74.347041, accuracy:10.000000
lat: 31.522217, lng: 74.347062, accuracy:10.000000
lat: 31.522256, lng: 74.347098, accuracy:10.000000
lat: 31.522303, lng: 74.347135, accuracy:10.000000
lat: 31.522356, lng: 74.347164, accuracy:10.000000
lat: 31.522390, lng: 74.347185, accuracy:10.000000
lat: 31.522431, lng: 74.347213, accuracy:10.000000
lat: 31.522481, lng: 74.347224, accuracy:10.000000
lat: 31.522535, lng: 74.347241, accuracy:10.000000
lat: 31.522570, lng: 74.347273, accuracy:10.000000
lat: 31.522609, lng: 74.347292, accuracy:10.000000
lat: 31.522658, lng: 74.347306, accuracy:10.000000
lat: 31.522717, lng: 74.347325, accuracy:10.000000
lat: 31.522778, lng: 74.347345, accuracy:10.000000
lat: 31.522837, lng: 74.347374, accuracy:10.000000
lat: 31.522904, lng: 74.347425, accuracy:10.000000
lat: 31.522984, lng: 74.347481, accuracy:10.000000
lat: 31.523073, lng: 74.347521, accuracy:10.000000
lat: 31.523149, lng: 74.347566, accuracy:10.000000
lat: 31.523215, lng: 74.347602, accuracy:10.000000
lat: 31.523300, lng: 74.347647, accuracy:10.000000
lat: 31.523410, lng: 74.347697, accuracy:10.000000
lat: 31.523536, lng: 74.347726, accuracy:10.000000
lat: 31.523631, lng: 74.347807, accuracy:10.000000
lat: 31.523697, lng: 74.347868, accuracy:10.000000
lat: 31.523775, lng: 74.347932, accuracy:10.000000
lat: 31.523893, lng: 74.348007, accuracy:10.000000
lat: 31.524018, lng: 74.348070, accuracy:10.000000
lat: 31.524112, lng: 74.348136, accuracy:10.000000
lat: 31.524236, lng: 74.348200, accuracy:10.000000
lat: 31.524361, lng: 74.348288, accuracy:10.000000
lat: 31.524473, lng: 74.348360, accuracy:10.000000
lat: 31.524576, lng: 74.348438, accuracy:10.000000
lat: 31.524700, lng: 74.348523, accuracy:10.000000
lat: 31.524821, lng: 74.348593, accuracy:10.000000
lat: 31.524924, lng: 74.348641, accuracy:10.000000
lat: 31.525017, lng: 74.348704, accuracy:10.000000
lat: 31.525147, lng: 74.348758, accuracy:10.000000
lat: 31.525232, lng: 74.348818, accuracy:10.000000
lat: 31.525326, lng: 74.348868, accuracy:10.000000
lat: 31.525432, lng: 74.348932, accuracy:10.000000
lat: 31.525543, lng: 74.348990, accuracy:10.000000
lat: 31.525677, lng: 74.349049, accuracy:10.000000
lat: 31.525816, lng: 74.349100, accuracy:10.000000
lat: 31.525948, lng: 74.349190, accuracy:10.000000
lat: 31.526064, lng: 74.349278, accuracy:10.000000
lat: 31.526178, lng: 74.349353, accuracy:10.000000
lat: 31.526274, lng: 74.349417, accuracy:10.000000
lat: 31.526408, lng: 74.349486, accuracy:10.000000
lat: 31.526534, lng: 74.349544, accuracy:10.000000
lat: 31.526660, lng: 74.349602, accuracy:10.000000
lat: 31.526789, lng: 74.349657, accuracy:10.000000
lat: 31.526904, lng: 74.349725, accuracy:10.000000
lat: 31.527035, lng: 74.349787, accuracy:10.000000
lat: 31.527167, lng: 74.349846, accuracy:10.000000
lat: 31.527303, lng: 74.349913, accuracy:10.000000
lat: 31.527421, lng: 74.349977, accuracy:10.000000
lat: 31.527544, lng: 74.350033, accuracy:10.000000
lat: 31.527703, lng: 74.350112, accuracy:10.000000
lat: 31.527837, lng: 74.350188, accuracy:10.000000
lat: 31.527956, lng: 74.350262, accuracy:10.000000
lat: 31.528097, lng: 74.350313, accuracy:10.000000
lat: 31.528212, lng: 74.350377, accuracy:10.000000
lat: 31.528331, lng: 74.350420, accuracy:10.000000
lat: 31.528472, lng: 74.350499, accuracy:10.000000
lat: 31.528589, lng: 74.350562, accuracy:10.000000
lat: 31.528711, lng: 74.350608, accuracy:10.000000
lat: 31.528835, lng: 74.350661, accuracy:10.000000
lat: 31.528960, lng: 74.350727, accuracy:10.000000
lat: 31.529082, lng: 74.350787, accuracy:10.000000
lat: 31.529226, lng: 74.350847, accuracy:10.000000
lat: 31.529334, lng: 74.350898, accuracy:10.000000
lat: 31.529454, lng: 74.350951, accuracy:10.000000
lat: 31.529564, lng: 74.351006, accuracy:10.000000
lat: 31.529688, lng: 74.351063, accuracy:10.000000
lat: 31.529791, lng: 74.351105, accuracy:10.000000
lat: 31.529907, lng: 74.351155, accuracy:10.000000
lat: 31.529999, lng: 74.351205, accuracy:10.000000
lat: 31.530114, lng: 74.351258, accuracy:10.000000
lat: 31.530225, lng: 74.351307, accuracy:10.000000
lat: 31.530339, lng: 74.351355, accuracy:10.000000
lat: 31.530449, lng: 74.351413, accuracy:10.000000
lat: 31.530558, lng: 74.351467, accuracy:10.000000
lat: 31.530664, lng: 74.351522, accuracy:10.000000
lat: 31.530778, lng: 74.351573, accuracy:10.000000
lat: 31.530891, lng: 74.351619, accuracy:10.000000
lat: 31.531004, lng: 74.351659, accuracy:10.000000
lat: 31.531123, lng: 74.351704, accuracy:10.000000
lat: 31.531250, lng: 74.351756, accuracy:10.000000
lat: 31.531372, lng: 74.351801, accuracy:10.000000
lat: 31.531500, lng: 74.351863, accuracy:10.000000
lat: 31.531628, lng: 74.351912, accuracy:10.000000
lat: 31.531750, lng: 74.351964, accuracy:10.000000
lat: 31.531861, lng: 74.352015, accuracy:10.000000
lat: 31.531948, lng: 74.352046, accuracy:10.000000
lat: 31.532037, lng: 74.352086, accuracy:10.000000
lat: 31.532110, lng: 74.352071, accuracy:10.000000
lat: 31.532186, lng: 74.352066, accuracy:10.000000
lat: 31.532244, lng: 74.352036, accuracy:10.000000
lat: 31.532309, lng: 74.351960, accuracy:10.000000
lat: 31.532369, lng: 74.351877, accuracy:10.000000
lat: 31.532410, lng: 74.351789, accuracy:10.000000
lat: 31.532457, lng: 74.351692, accuracy:10.000000
lat: 31.532496, lng: 74.351598, accuracy:10.000000
lat: 31.532534, lng: 74.351496, accuracy:10.000000
lat: 31.532597, lng: 74.351380, accuracy:10.000000
lat: 31.532637, lng: 74.351277, accuracy:10.000000
lat: 31.532694, lng: 74.351150, accuracy:10.000000
lat: 31.532746, lng: 74.351028, accuracy:10.000000
lat: 31.532810, lng: 74.350896, accuracy:10.000000
lat: 31.532872, lng: 74.350765, accuracy:10.000000
lat: 31.532924, lng: 74.350630, accuracy:10.000000
lat: 31.532987, lng: 74.350491, accuracy:10.000000
lat: 31.533048, lng: 74.350351, accuracy:10.000000
lat: 31.533110, lng: 74.350209, accuracy:10.000000
lat: 31.533177, lng: 74.350069, accuracy:10.000000
lat: 31.533234, lng: 74.349936, accuracy:10.000000
lat: 31.533298, lng: 74.349787, accuracy:10.000000
lat: 31.533355, lng: 74.349642, accuracy:10.000000
lat: 31.533413, lng: 74.349504, accuracy:10.000000
lat: 31.533458, lng: 74.349371, accuracy:10.000000
lat: 31.533531, lng: 74.349225, accuracy:10.000000
lat: 31.533593, lng: 74.349082, accuracy:10.000000
lat: 31.533661, lng: 74.348945, accuracy:10.000000
lat: 31.533729, lng: 74.348815, accuracy:10.000000
lat: 31.533736, lng: 74.348702, accuracy:10.000000
lat: 31.533779, lng: 74.348575, accuracy:10.000000
lat: 31.533829, lng: 74.348440, accuracy:10.000000
lat: 31.533884, lng: 74.348293, accuracy:10.000000
lat: 31.533941, lng: 74.348159, accuracy:10.000000
lat: 31.533978, lng: 74.348019, accuracy:10.000000
lat: 31.534042, lng: 74.347881, accuracy:10.000000
lat: 31.534091, lng: 74.347733, accuracy:10.000000
lat: 31.534127, lng: 74.347595, accuracy:10.000000
lat: 31.534174, lng: 74.347496, accuracy:10.000000
lat: 31.534203, lng: 74.347382, accuracy:10.000000
lat: 31.534237, lng: 74.347279, accuracy:10.000000
lat: 31.534274, lng: 74.347162, accuracy:10.000000
lat: 31.534303, lng: 74.347046, accuracy:10.000000
lat: 31.534335, lng: 74.346947, accuracy:10.000000
lat: 31.534365, lng: 74.346831, accuracy:10.000000
lat: 31.534396, lng: 74.346735, accuracy:10.000000
lat: 31.534424, lng: 74.346663, accuracy:10.000000
lat: 31.534450, lng: 74.346602, accuracy:10.000000
lat: 31.534459, lng: 74.346559, accuracy:10.000000
lat: 31.534478, lng: 74.346521, accuracy:10.000000
lat: 31.534490, lng: 74.346487, accuracy:10.000000
lat: 31.534513, lng: 74.346458, accuracy:10.000000
lat: 31.534529, lng: 74.346412, accuracy:10.000000
lat: 31.534540, lng: 74.346351, accuracy:10.000000
lat: 31.534553, lng: 74.346254, accuracy:10.000000
lat: 31.534574, lng: 74.346166, accuracy:10.000000
lat: 31.534594, lng: 74.346073, accuracy:10.000000
lat: 31.534643, lng: 74.345964, accuracy:10.000000
lat: 31.534677, lng: 74.345860, accuracy:10.000000
lat: 31.534714, lng: 74.345744, accuracy:10.000000
lat: 31.534727, lng: 74.345623, accuracy:10.000000
lat: 31.534753, lng: 74.345498, accuracy:10.000000
lat: 31.534771, lng: 74.345378, accuracy:10.000000
lat: 31.534784, lng: 74.345247, accuracy:10.000000
lat: 31.534794, lng: 74.345102, accuracy:10.000000
lat: 31.534767, lng: 74.344973, accuracy:10.000000
lat: 31.534748, lng: 74.344824, accuracy:10.000000
lat: 31.534745, lng: 74.344696, accuracy:10.000000
lat: 31.534732, lng: 74.344578, accuracy:10.000000
lat: 31.534734, lng: 74.344468, accuracy:10.000000
lat: 31.534712, lng: 74.344355, accuracy:10.000000
lat: 31.534695, lng: 74.344247, accuracy:10.000000
lat: 31.534663, lng: 74.344124, accuracy:10.000000
lat: 31.534651, lng: 74.344024, accuracy:10.000000
lat: 31.534631, lng: 74.343908, accuracy:10.000000
lat: 31.534609, lng: 74.343811, accuracy:10.000000
lat: 31.534587, lng: 74.343665, accuracy:10.000000
lat: 31.534565, lng: 74.343529, accuracy:10.000000
lat: 31.534579, lng: 74.343390, accuracy:10.000000
lat: 31.534571, lng: 74.343252, accuracy:10.000000
lat: 31.534623, lng: 74.343153, accuracy:10.000000
lat: 31.534633, lng: 74.343003, accuracy:10.000000
lat: 31.534669, lng: 74.342846, accuracy:10.000000
lat: 31.534666, lng: 74.342706, accuracy:10.000000
lat: 31.534677, lng: 74.342536, accuracy:10.000000
lat: 31.534694, lng: 74.342374, accuracy:10.000000
lat: 31.534718, lng: 74.342227, accuracy:10.000000
lat: 31.534728, lng: 74.342091, accuracy:10.000000
lat: 31.534771, lng: 74.341995, accuracy:10.000000
lat: 31.534811, lng: 74.341912, accuracy:10.000000
lat: 31.534866, lng: 74.341817, accuracy:10.000000
lat: 31.534925, lng: 74.341723, accuracy:10.000000
lat: 31.534981, lng: 74.341620, accuracy:10.000000
lat: 31.535022, lng: 74.341513, accuracy:10.000000
lat: 31.535084, lng: 74.341412, accuracy:10.000000
lat: 31.535151, lng: 74.341324, accuracy:10.000000
lat: 31.535203, lng: 74.341240, accuracy:10.000000
lat: 31.535241, lng: 74.341164, accuracy:10.000000
lat: 31.535297, lng: 74.341083, accuracy:10.000000
lat: 31.535355, lng: 74.341013, accuracy:10.000000
lat: 31.535403, lng: 74.340945, accuracy:10.000000
lat: 31.535444, lng: 74.340906, accuracy:10.000000
lat: 31.535477, lng: 74.340853, accuracy:10.000000
lat: 31.535506, lng: 74.340816, accuracy:10.000000
lat: 31.535530, lng: 74.340785, accuracy:10.000000
lat: 31.535550, lng: 74.340771, accuracy:10.000000
lat: 31.535566, lng: 74.340764, accuracy:10.000000
lat: 31.535561, lng: 74.340753, accuracy:10.000000
lat: 31.535561, lng: 74.340753, accuracy:10.000000
lat: 31.535561, lng: 74.340748, accuracy:10.000000
lat: 31.535567, lng: 74.340745, accuracy:10.000000
lat: 31.535574, lng: 74.340730, accuracy:10.000000
lat: 31.535600, lng: 74.340696, accuracy:10.000000
lat: 31.535630, lng: 74.340664, accuracy:10.000000
lat: 31.535658, lng: 74.340640, accuracy:10.000000
lat: 31.535682, lng: 74.340610, accuracy:10.000000
lat: 31.535708, lng: 74.340577, accuracy:10.000000
lat: 31.535735, lng: 74.340545, accuracy:10.000000
lat: 31.535763, lng: 74.340518, accuracy:10.000000
lat: 31.535792, lng: 74.340492, accuracy:10.000000
lat: 31.535818, lng: 74.340465, accuracy:10.000000
lat: 31.535841, lng: 74.340436, accuracy:10.000000
lat: 31.535861, lng: 74.340406, accuracy:10.000000
lat: 31.535884, lng: 74.340372, accuracy:10.000000
lat: 31.535909, lng: 74.340339, accuracy:10.000000
lat: 31.535947, lng: 74.340294, accuracy:10.000000
lat: 31.535992, lng: 74.340269, accuracy:10.000000
lat: 31.535998, lng: 74.340250, accuracy:10.000000
lat: 31.536009, lng: 74.340242, accuracy:10.000000
lat: 31.536010, lng: 74.340234, accuracy:10.000000
lat: 31.536019, lng: 74.340228, accuracy:10.000000
lat: 31.536047, lng: 74.340214, accuracy:10.000000
lat: 31.536047, lng: 74.340208, accuracy:10.000000
lat: 31.536047, lng: 74.340208, accuracy:10.000000
lat: 31.536047, lng: 74.340208, accuracy:10.000000
lat: 31.536047, lng: 74.340208, accuracy:10.000000
lat: 31.536047, lng: 74.340208, accuracy:10.000000
lat: 31.536047, lng: 74.340208, accuracy:10.000000
lat: 31.536047, lng: 74.340208, accuracy:10.000000
lat: 31.536047, lng: 74.340208, accuracy:10.000000
lat: 31.536030, lng: 74.340220, accuracy:10.000000
lat: 31.536043, lng: 74.340204, accuracy:10.000000
lat: 31.536071, lng: 74.340165, accuracy:10.000000
lat: 31.536083, lng: 74.340144, accuracy:10.000000
lat: 31.536096, lng: 74.340126, accuracy:10.000000
lat: 31.536107, lng: 74.340106, accuracy:10.000000
lat: 31.536116, lng: 74.340092, accuracy:10.000000
lat: 31.536117, lng: 74.340089, accuracy:10.000000
lat: 31.536114, lng: 74.340092, accuracy:10.000000
lat: 31.536114, lng: 74.340092, accuracy:10.000000
lat: 31.536114, lng: 74.340092, accuracy:10.000000
lat: 31.536114, lng: 74.340092, accuracy:10.000000
lat: 31.536114, lng: 74.340092, accuracy:10.000000
lat: 31.536114, lng: 74.340092, accuracy:10.000000
lat: 31.536114, lng: 74.340092, accuracy:10.000000
lat: 31.536114, lng: 74.340092, accuracy:10.000000
lat: 31.536114, lng: 74.340092, accuracy:10.000000
lat: 31.536114, lng: 74.340092, accuracy:10.000000
lat: 31.536114, lng: 74.340092, accuracy:10.000000
lat: 31.536114, lng: 74.340092, accuracy:10.000000
lat: 31.536118, lng: 74.340090, accuracy:10.000000
lat: 31.536119, lng: 74.340093, accuracy:10.000000
lat: 31.536119, lng: 74.340093, accuracy:10.000000
lat: 31.536119, lng: 74.340093, accuracy:10.000000
lat: 31.536119, lng: 74.340093, accuracy:10.000000
lat: 31.536121, lng: 74.340101, accuracy:10.000000
lat: 31.536119, lng: 74.340099, accuracy:5.000000
lat: 31.536119, lng: 74.340094, accuracy:5.000000
lat: 31.536118, lng: 74.340089, accuracy:5.000000
lat: 31.536126, lng: 74.340071, accuracy:5.000000
lat: 31.536139, lng: 74.340047, accuracy:5.000000
lat: 31.536155, lng: 74.340021, accuracy:5.000000
lat: 31.536169, lng: 74.339999, accuracy:5.000000
lat: 31.536183, lng: 74.339980, accuracy:5.000000
lat: 31.536194, lng: 74.339961, accuracy:5.000000
lat: 31.536203, lng: 74.339945, accuracy:5.000000
lat: 31.536215, lng: 74.339927, accuracy:5.000000
lat: 31.536227, lng: 74.339909, accuracy:5.000000
lat: 31.536239, lng: 74.339891, accuracy:5.000000
lat: 31.536250, lng: 74.339873, accuracy:5.000000
lat: 31.536265, lng: 74.339858, accuracy:5.000000
lat: 31.536283, lng: 74.339845, accuracy:5.000000
lat: 31.536299, lng: 74.339832, accuracy:5.000000
lat: 31.536317, lng: 74.339820, accuracy:5.000000
lat: 31.536330, lng: 74.339811, accuracy:5.000000
lat: 31.536334, lng: 74.339800, accuracy:5.000000
lat: 31.536334, lng: 74.339800, accuracy:5.000000
lat: 31.536334, lng: 74.339800, accuracy:5.000000
lat: 31.536287, lng: 74.339818, accuracy:5.000000
lat: 31.536287, lng: 74.339818, accuracy:5.000000
lat: 31.536281, lng: 74.339815, accuracy:5.000000
lat: 31.536289, lng: 74.339799, accuracy:5.000000
lat: 31.536303, lng: 74.339780, accuracy:5.000000
lat: 31.536319, lng: 74.339769, accuracy:5.000000
lat: 31.536334, lng: 74.339761, accuracy:5.000000
lat: 31.536334, lng: 74.339761, accuracy:5.000000
lat: 31.536334, lng: 74.339761, accuracy:5.000000
lat: 31.536334, lng: 74.339761, accuracy:5.000000
lat: 31.536334, lng: 74.339761, accuracy:5.000000
lat: 31.536380, lng: 74.339764, accuracy:5.000000
lat: 31.536385, lng: 74.339755, accuracy:5.000000
lat: 31.536385, lng: 74.339755, accuracy:5.000000
lat: 31.536385, lng: 74.339755, accuracy:5.000000
lat: 31.536385, lng: 74.339755, accuracy:5.000000
lat: 31.536385, lng: 74.339755, accuracy:5.000000
lat: 31.536385, lng: 74.339755, accuracy:5.000000
lat: 31.536385, lng: 74.339755, accuracy:5.000000
lat: 31.536385, lng: 74.339755, accuracy:5.000000
lat: 31.536385, lng: 74.339755, accuracy:5.000000
lat: 31.536392, lng: 74.339709, accuracy:5.000000
lat: 31.536407, lng: 74.339694, accuracy:5.000000
lat: 31.536422, lng: 74.339677, accuracy:5.000000
lat: 31.536432, lng: 74.339664, accuracy:5.000000
lat: 31.536450, lng: 74.339642, accuracy:5.000000
lat: 31.536463, lng: 74.339621, accuracy:5.000000
lat: 31.536479, lng: 74.339597, accuracy:5.000000
lat: 31.536488, lng: 74.339582, accuracy:5.000000
lat: 31.536514, lng: 74.339537, accuracy:5.000000
lat: 31.536529, lng: 74.339513, accuracy:5.000000
lat: 31.536541, lng: 74.339492, accuracy:5.000000
lat: 31.536549, lng: 74.339481, accuracy:5.000000
lat: 31.536558, lng: 74.339469, accuracy:5.000000
lat: 31.536567, lng: 74.339458, accuracy:5.000000
lat: 31.536575, lng: 74.339445, accuracy:5.000000
lat: 31.536581, lng: 74.339435, accuracy:5.000000
lat: 31.536587, lng: 74.339426, accuracy:5.000000
lat: 31.536593, lng: 74.339416, accuracy:5.000000
lat: 31.536600, lng: 74.339404, accuracy:5.000000
lat: 31.536609, lng: 74.339385, accuracy:10.000000
lat: 31.536616, lng: 74.339376, accuracy:10.000000
lat: 31.536631, lng: 74.339345, accuracy:10.000000
lat: 31.536638, lng: 74.339332, accuracy:10.000000
lat: 31.536641, lng: 74.339322, accuracy:10.000000
lat: 31.536639, lng: 74.339321, accuracy:10.000000
lat: 31.536639, lng: 74.339318, accuracy:10.000000
lat: 31.536640, lng: 74.339313, accuracy:10.000000
lat: 31.536647, lng: 74.339303, accuracy:10.000000
lat: 31.536660, lng: 74.339279, accuracy:10.000000
lat: 31.536672, lng: 74.339256, accuracy:10.000000
lat: 31.536684, lng: 74.339231, accuracy:10.000000
lat: 31.536699, lng: 74.339204, accuracy:10.000000
lat: 31.536718, lng: 74.339168, accuracy:10.000000
lat: 31.536738, lng: 74.339134, accuracy:10.000000
lat: 31.536758, lng: 74.339103, accuracy:10.000000
lat: 31.536779, lng: 74.339074, accuracy:10.000000
lat: 31.536799, lng: 74.339044, accuracy:10.000000
lat: 31.536819, lng: 74.339015, accuracy:10.000000
lat: 31.536836, lng: 74.338989, accuracy:10.000000
lat: 31.536853, lng: 74.338965, accuracy:10.000000
lat: 31.536865, lng: 74.338945, accuracy:10.000000
lat: 31.536869, lng: 74.338938, accuracy:10.000000
lat: 31.536874, lng: 74.338931, accuracy:10.000000
lat: 31.536879, lng: 74.338921, accuracy:10.000000
lat: 31.536885, lng: 74.338910, accuracy:10.000000
lat: 31.536893, lng: 74.338896, accuracy:10.000000
lat: 31.536904, lng: 74.338878, accuracy:10.000000
lat: 31.536911, lng: 74.338865, accuracy:10.000000
lat: 31.536917, lng: 74.338855, accuracy:10.000000
lat: 31.536921, lng: 74.338847, accuracy:10.000000
lat: 31.536925, lng: 74.338839, accuracy:10.000000
lat: 31.536928, lng: 74.338831, accuracy:10.000000
lat: 31.536933, lng: 74.338822, accuracy:10.000000
lat: 31.536935, lng: 74.338811, accuracy:10.000000
lat: 31.536935, lng: 74.338811, accuracy:10.000000
lat: 31.536935, lng: 74.338811, accuracy:10.000000
lat: 31.536935, lng: 74.338811, accuracy:10.000000
lat: 31.536935, lng: 74.338811, accuracy:10.000000
lat: 31.536935, lng: 74.338811, accuracy:10.000000
lat: 31.536965, lng: 74.338777, accuracy:10.000000
lat: 31.536976, lng: 74.338760, accuracy:10.000000
lat: 31.537003, lng: 74.338721, accuracy:10.000000
lat: 31.537033, lng: 74.338681, accuracy:10.000000
lat: 31.537060, lng: 74.338643, accuracy:10.000000
lat: 31.537084, lng: 74.338605, accuracy:10.000000
lat: 31.537110, lng: 74.338569, accuracy:10.000000
lat: 31.537135, lng: 74.338533, accuracy:10.000000
lat: 31.537156, lng: 74.338500, accuracy:10.000000
lat: 31.537179, lng: 74.338472, accuracy:10.000000
lat: 31.537203, lng: 74.338444, accuracy:10.000000
lat: 31.537216, lng: 74.338413, accuracy:10.000000
lat: 31.537239, lng: 74.338387, accuracy:10.000000
lat: 31.537244, lng: 74.338357, accuracy:10.000000
lat: 31.537248, lng: 74.338344, accuracy:10.000000
lat: 31.537253, lng: 74.338331, accuracy:10.000000
lat: 31.537265, lng: 74.338321, accuracy:10.000000
lat: 31.537281, lng: 74.338309, accuracy:10.000000
lat: 31.537295, lng: 74.338295, accuracy:10.000000
lat: 31.537309, lng: 74.338282, accuracy:10.000000
lat: 31.537322, lng: 74.338267, accuracy:10.000000
lat: 31.537334, lng: 74.338250, accuracy:10.000000
lat: 31.537347, lng: 74.338229, accuracy:10.000000
lat: 31.537368, lng: 74.338196, accuracy:10.000000
lat: 31.537387, lng: 74.338164, accuracy:10.000000
lat: 31.537405, lng: 74.338137, accuracy:10.000000
lat: 31.537420, lng: 74.338114, accuracy:10.000000
lat: 31.537435, lng: 74.338091, accuracy:10.000000
lat: 31.537450, lng: 74.338067, accuracy:10.000000
lat: 31.537465, lng: 74.338041, accuracy:10.000000
lat: 31.537484, lng: 74.338006, accuracy:10.000000
lat: 31.537503, lng: 74.337972, accuracy:10.000000
lat: 31.537522, lng: 74.337941, accuracy:10.000000
lat: 31.537538, lng: 74.337914, accuracy:10.000000
lat: 31.537553, lng: 74.337890, accuracy:10.000000
lat: 31.537560, lng: 74.337878, accuracy:10.000000
lat: 31.537569, lng: 74.337864, accuracy:10.000000
lat: 31.537579, lng: 74.337847, accuracy:10.000000
lat: 31.537589, lng: 74.337830, accuracy:10.000000
lat: 31.537597, lng: 74.337816, accuracy:10.000000
lat: 31.537606, lng: 74.337801, accuracy:10.000000
lat: 31.537615, lng: 74.337783, accuracy:10.000000
lat: 31.537626, lng: 74.337763, accuracy:10.000000
lat: 31.537649, lng: 74.337723, accuracy:10.000000
lat: 31.537674, lng: 74.337681, accuracy:10.000000
lat: 31.537697, lng: 74.337640, accuracy:10.000000
lat: 31.537722, lng: 74.337600, accuracy:10.000000
lat: 31.537746, lng: 74.337561, accuracy:10.000000
lat: 31.537770, lng: 74.337522, accuracy:10.000000
lat: 31.537794, lng: 74.337483, accuracy:10.000000
lat: 31.537824, lng: 74.337456, accuracy:10.000000
lat: 31.537851, lng: 74.337432, accuracy:10.000000
lat: 31.537874, lng: 74.337404, accuracy:10.000000
lat: 31.537899, lng: 74.337375, accuracy:10.000000
lat: 31.537922, lng: 74.337343, accuracy:10.000000
lat: 31.537936, lng: 74.337300, accuracy:10.000000
lat: 31.537949, lng: 74.337264, accuracy:10.000000
lat: 31.537955, lng: 74.337239, accuracy:10.000000
lat: 31.537962, lng: 74.337211, accuracy:10.000000
lat: 31.537972, lng: 74.337181, accuracy:10.000000
lat: 31.537984, lng: 74.337148, accuracy:10.000000
lat: 31.538007, lng: 74.337101, accuracy:10.000000
lat: 31.538012, lng: 74.337042, accuracy:10.000000
lat: 31.538045, lng: 74.336992, accuracy:10.000000
lat: 31.538079, lng: 74.336959, accuracy:10.000000
lat: 31.538124, lng: 74.336898, accuracy:10.000000
lat: 31.538152, lng: 74.336862, accuracy:10.000000
lat: 31.538190, lng: 74.336819, accuracy:10.000000
lat: 31.538236, lng: 74.336746, accuracy:10.000000
lat: 31.538291, lng: 74.336671, accuracy:10.000000
lat: 31.538339, lng: 74.336599, accuracy:10.000000
lat: 31.538389, lng: 74.336537, accuracy:10.000000
lat: 31.538404, lng: 74.336503, accuracy:10.000000
lat: 31.538420, lng: 74.336476, accuracy:10.000000
lat: 31.538442, lng: 74.336453, accuracy:10.000000
lat: 31.538477, lng: 74.336431, accuracy:10.000000
lat: 31.538491, lng: 74.336436, accuracy:10.000000
lat: 31.538504, lng: 74.336458, accuracy:10.000000
lat: 31.538511, lng: 74.336493, accuracy:10.000000
lat: 31.538520, lng: 74.336510, accuracy:10.000000
lat: 31.538490, lng: 74.336586, accuracy:10.000000
lat: 31.538464, lng: 74.336647, accuracy:10.000000
lat: 31.538019, lng: 74.337391, accuracy:10.000000
lat: 31.537964, lng: 74.337469, accuracy:10.000000
lat: 31.537920, lng: 74.337558, accuracy:10.000000
lat: 31.537847, lng: 74.337619, accuracy:10.000000
lat: 31.537801, lng: 74.337715, accuracy:10.000000
lat: 31.537749, lng: 74.337800, accuracy:10.000000
lat: 31.537708, lng: 74.337883, accuracy:10.000000
lat: 31.537658, lng: 74.337957, accuracy:10.000000
lat: 31.537602, lng: 74.338042, accuracy:10.000000
lat: 31.537535, lng: 74.338124, accuracy:10.000000
lat: 31.537477, lng: 74.338211, accuracy:10.000000
lat: 31.537402, lng: 74.338300, accuracy:10.000000
lat: 31.537348, lng: 74.338396, accuracy:10.000000
lat: 31.537306, lng: 74.338505, accuracy:10.000000
lat: 31.537233, lng: 74.338583, accuracy:10.000000
lat: 31.537174, lng: 74.338676, accuracy:10.000000
lat: 31.537138, lng: 74.338799, accuracy:10.000000
lat: 31.537097, lng: 74.338873, accuracy:10.000000
lat: 31.537031, lng: 74.338931, accuracy:10.000000
lat: 31.536957, lng: 74.339000, accuracy:10.000000
lat: 31.536900, lng: 74.339089, accuracy:10.000000
lat: 31.536845, lng: 74.339167, accuracy:10.000000
lat: 31.536801, lng: 74.339269, accuracy:10.000000
lat: 31.536743, lng: 74.339329, accuracy:10.000000
lat: 31.536683, lng: 74.339415, accuracy:10.000000
lat: 31.536626, lng: 74.339533, accuracy:10.000000
lat: 31.536552, lng: 74.339631, accuracy:10.000000
lat: 31.536476, lng: 74.339728, accuracy:10.000000
lat: 31.536418, lng: 74.339852, accuracy:10.000000
lat: 31.536347, lng: 74.339975, accuracy:10.000000
lat: 31.536303, lng: 74.340100, accuracy:10.000000
lat: 31.536216, lng: 74.340194, accuracy:10.000000
lat: 31.536142, lng: 74.340319, accuracy:10.000000
lat: 31.536067, lng: 74.340419, accuracy:10.000000
lat: 31.535989, lng: 74.340535, accuracy:10.000000
lat: 31.535915, lng: 74.340644, accuracy:10.000000
lat: 31.535848, lng: 74.340752, accuracy:10.000000
lat: 31.535785, lng: 74.340836, accuracy:10.000000
lat: 31.535748, lng: 74.340915, accuracy:10.000000
lat: 31.535694, lng: 74.340995, accuracy:10.000000
lat: 31.535658, lng: 74.341053, accuracy:10.000000
lat: 31.535651, lng: 74.341129, accuracy:10.000000
lat: 31.535641, lng: 74.341203, accuracy:10.000000
lat: 31.535655, lng: 74.341266, accuracy:10.000000
lat: 31.535720, lng: 74.341369, accuracy:10.000000
lat: 31.535780, lng: 74.341435, accuracy:10.000000
lat: 31.535854, lng: 74.341523, accuracy:10.000000
lat: 31.535914, lng: 74.341613, accuracy:10.000000
lat: 31.535978, lng: 74.341696, accuracy:10.000000
lat: 31.536052, lng: 74.341782, accuracy:10.000000
lat: 31.536122, lng: 74.341857, accuracy:10.000000
lat: 31.536185, lng: 74.341919, accuracy:10.000000
lat: 31.536267, lng: 74.341990, accuracy:10.000000
lat: 31.536313, lng: 74.342054, accuracy:10.000000
lat: 31.536411, lng: 74.342128, accuracy:10.000000
lat: 31.536503, lng: 74.342214, accuracy:10.000000
lat: 31.536590, lng: 74.342301, accuracy:10.000000
lat: 31.536658, lng: 74.342389, accuracy:10.000000
lat: 31.536790, lng: 74.342503, accuracy:10.000000
lat: 31.536906, lng: 74.342597, accuracy:10.000000
lat: 31.537012, lng: 74.342703, accuracy:10.000000
lat: 31.537119, lng: 74.342794, accuracy:10.000000
lat: 31.537193, lng: 74.342870, accuracy:10.000000
lat: 31.537301, lng: 74.342963, accuracy:10.000000